timestamp_area,walking,workspace,person_detected
0.2,1,0,1
0.4,1,0,1
0.6,1,0,1
0.8,1,0,1
1.0,1,0,1
1.2,1,0,1
1.4,1,0,1
1.6,1,0,1
1.8,1,0,1
2.0,1,0,1
2.2,1,0,1
2.4,1,0,1
2.6,1,0,1
2.8,1,0,1
3.0,1,0,1
3.2,1,0,1
3.4,1,0,1
3.6,1,0,1
3.8,1,0,1
4.0,1,0,1
4.2,1,0,1
4.4,1,0,1
4.6,1,0,1
4.8,1,0,1
5.0,0,0,1
5.2,0,0,1
5.4,0,0,1
5.6,0,0,1
5.8,1,0,1
6.0,1,0,1
6.2,0,0,1
6.4,0,0,1
6.6,0,0,1
6.8,0,0,1
7.0,0,0,1
7.2,1,0,1
7.4,1,0,1
7.6,0,0,1
7.8,1,0,1
8.0,1,0,1
8.2,1,0,1
8.4,1,0,1
8.6,1,0,1
8.8,1,0,1
9.0,1,0,1
9.2,0,0,1
9.4,0,0,1
9.6,1,0,1
9.8,0,0,1
10.0,0,0,1
10.2,1,0,1
10.4,0,0,1
10.6,0,0,1
10.8,0,0,1
11.0,1,0,1
11.2,0,0,1
11.4,1,0,1
11.6,1,0,1
11.8,1,0,1
12.0,1,0,1
12.2,1,0,1
12.4,1,0,1
12.6,1,0,1
12.8,1,0,1
13.0,0,0,1
13.2,0,0,1
13.4,0,0,1
13.6,0,0,1
13.8,1,0,1
14.0,0,0,1
14.2,0,0,1
14.4,1,0,1
14.6,1,0,1
14.8,0,0,1
15.0,0,0,1
15.2,0,0,1
15.4,0,0,1
15.6,0,0,1
15.8,0,0,1
16.0,0,0,1
16.2,0,0,1
16.4,1,0,1
16.6,1,0,1
16.8,1,0,1
17.0,0,0,1
17.2,0,0,1
17.4,0,0,1
17.6,0,0,1
17.8,1,0,1
18.0,1,0,1
18.2,1,0,1
18.4,1,0,1
18.6,1,0,1
18.8,0,0,1
19.0,1,0,1
19.2,1,0,1
19.4,0,0,1
19.6,0,0,1
19.8,0,0,1
20.0,0,0,1
20.2,1,0,1
20.4,1,0,1
20.6,1,0,1
20.8,1,0,1
21.0,1,0,1
21.2,1,0,1
21.4,1,0,1
21.6,0,0,1
21.8,0,0,1
22.0,0,0,1
22.2,1,0,1
22.4,0,0,1
22.6,1,0,1
22.8,0,0,1
23.0,0,0,1
23.2,1,0,1
23.4,1,0,1
23.6,1,0,1
23.8,1,0,1
24.0,1,0,1
24.2,1,0,1
24.4,1,0,1
24.6,1,0,1
24.8,1,0,1
25.0,1,0,1
25.2,1,0,1
25.4,1,0,1
25.6,1,0,1
25.8,-1,-1,0
26.0,-1,-1,0
26.2,1,0,1
26.4,1,0,1
26.6,0,0,1
26.8,0,0,1
27.0,0,0,1
27.2,0,0,1
27.4,0,0,1
27.6,0,0,1
27.8,0,0,1
28.0,1,0,1
28.2,0,0,1
28.4,0,0,1
28.6,0,0,1
28.8,0,0,1
29.0,1,0,1
29.2,0,0,1
29.4,1,0,1
29.6,1,0,1
29.8,1,0,1
30.0,1,0,1
30.2,1,0,1
30.4,0,0,1
30.6,0,0,1
30.8,0,0,1
31.0,1,0,1
31.2,1,0,1
31.4,0,0,1
31.6,1,0,1
31.8,1,0,1
32.0,1,0,1
32.2,1,0,1
32.4,1,0,1
32.6,0,0,1
32.8,1,0,1
33.0,1,0,1
33.2,1,0,1
33.4,1,0,1
33.6,1,0,1
33.8,-1,-1,0
34.0,1,0,1
34.2,-1,-1,0
34.4,1,0,1
34.6,1,0,1
34.8,1,0,1
35.0,-1,-1,0
35.2,-1,-1,0
35.4,-1,-1,0
35.6,0,0,1
35.8,-1,-1,0
36.0,-1,-1,0
36.2,1,0,1
36.4,1,0,1
36.6,1,0,1
36.8,1,0,1
37.0,0,0,1
37.2,0,0,1
37.4,0,0,1
37.6,0,0,1
37.8,1,0,1
38.0,0,0,1
38.2,0,0,1
38.4,0,0,1
38.6,0,0,1
38.8,0,0,1
39.0,0,0,1
39.2,1,0,1
39.4,1,0,1
39.6,1,0,1
39.8,1,0,1
40.0,0,0,1
40.2,1,0,1
40.4,0,0,1
40.6,1,0,1
40.8,1,0,1
41.0,1,0,1
41.2,1,0,1
41.4,1,0,1
41.6,0,0,1
41.8,1,0,1
42.0,0,0,1
42.2,0,0,1
42.4,1,0,1
42.6,0,0,1
42.8,1,0,1
43.0,0,0,1
43.2,1,0,1
43.4,1,0,1
43.6,1,0,1
43.8,1,0,1
44.0,1,0,1
44.2,0,0,1
44.4,1,0,1
44.6,1,0,1
44.8,1,0,1
45.0,1,0,1
45.2,1,0,1
45.4,1,0,1
45.6,1,0,1
45.8,0,0,1
46.0,1,0,1
46.2,1,0,1
46.4,1,0,1
46.6,0,0,1
46.8,1,0,1
47.0,1,0,1
47.2,1,0,1
47.4,1,0,1
47.6,0,0,1
47.8,1,0,1
48.0,1,0,1
48.2,1,0,1
48.4,1,0,1
48.6,1,0,1
48.8,1,0,1
49.0,1,0,1
49.2,1,0,1
49.4,1,0,1
49.6,1,0,1
49.8,1,0,1
50.0,1,0,1
50.2,1,0,1
50.4,0,0,1
50.6,0,0,1
50.8,1,0,1
51.0,0,0,1
51.2,1,0,1
51.4,1,0,1
51.6,1,0,1
51.8,1,0,1
52.0,1,0,1
52.2,1,0,1
52.4,1,0,1
52.6,1,0,1
52.8,1,0,1
53.0,1,0,1
53.2,1,0,1
53.4,1,0,1
53.6,1,0,1
53.8,1,0,1
54.0,1,0,1
54.2,-1,-1,0
54.4,1,0,1
54.6,0,0,1
54.8,0,0,1
55.0,0,0,1
55.2,0,0,1
55.4,0,0,1
55.6,1,0,1
55.8,1,0,1
56.0,1,0,1
56.2,1,0,1
56.4,1,0,1
56.6,1,0,1
56.8,1,0,1
57.0,1,0,1
57.2,1,0,1
57.4,1,0,1
57.6,1,0,1
57.8,1,0,1
58.0,1,0,1
58.2,1,0,1
58.4,0,0,1
58.6,1,0,1
58.8,1,0,1
59.0,1,0,1
59.2,1,0,1
59.4,1,0,1
59.6,1,0,1
59.8,1,0,1
60.0,1,0,1
60.2,1,0,1
60.4,1,0,1
60.6,0,0,1
60.8,1,0,1
61.0,1,0,1
61.2,1,0,1
61.4,1,0,1
61.6,1,0,1
61.8,1,0,1
62.0,1,0,1
62.2,1,0,1
62.4,1,0,1
62.6,1,0,1
62.8,1,0,1
63.0,1,0,1
63.2,1,0,1
63.4,1,0,1
63.6,1,0,1
63.8,1,0,1
64.0,1,0,1
64.2,1,0,1
64.4,1,0,1
64.6,1,0,1
64.8,1,0,1
65.0,1,0,1
65.2,0,0,1
65.4,1,0,1
65.6,1,0,1
65.8,0,0,1
66.0,1,0,1
66.2,1,0,1
66.4,0,0,1
66.6,1,0,1
66.8,1,0,1
67.0,-1,-1,0
67.2,-1,-1,0
67.4,-1,-1,0
67.6,1,0,1
67.8,1,0,1
68.0,1,0,1
68.2,1,0,1
68.4,1,0,1
68.6,1,0,1
68.8,1,0,1
69.0,1,0,1
69.2,1,0,1
69.4,0,0,1
69.6,1,0,1
69.8,0,0,1
70.0,0,0,1
70.2,1,0,1
70.4,1,0,1
70.6,1,0,1
70.8,1,0,1
71.0,1,0,1
71.2,1,0,1
71.4,1,0,1
71.6,1,0,1
71.8,1,0,1
72.0,1,0,1
72.2,1,0,1
72.4,1,0,1
72.6,1,0,1
72.8,1,0,1
73.0,1,0,1
73.2,1,0,1
73.4,1,0,1
73.6,1,0,1
73.8,-1,-1,0
74.0,-1,-1,0
74.2,-1,-1,0
74.4,-1,-1,0
74.6,1,0,1
74.8,1,0,1
75.0,1,0,1
75.2,0,0,1
75.4,0,0,1
75.6,0,0,1
75.8,1,0,1
76.0,1,0,1
76.2,1,0,1
76.4,1,0,1
76.6,1,0,1
76.8,1,0,1
77.0,1,0,1
77.2,1,0,1
77.4,-1,-1,0
77.6,1,0,1
77.8,1,0,1
78.0,1,0,1
78.2,1,0,1
78.4,1,0,1
78.6,1,0,1
78.8,1,0,1
79.0,1,0,1
79.2,1,0,1
79.4,1,0,1
79.6,-1,-1,0
79.8,-1,-1,0
80.0,-1,-1,0
80.2,-1,-1,0
80.4,-1,-1,0
80.6,-1,-1,0
80.8,-1,-1,0
81.0,-1,-1,0
81.2,-1,-1,0
81.4,-1,-1,0
81.6,-1,-1,0
81.8,1,0,1
82.0,1,0,1
82.2,1,0,1
82.4,1,0,1
82.6,1,0,1
82.8,1,0,1
83.0,1,0,1
83.2,1,0,1
83.4,1,0,1
83.6,1,0,1
83.8,1,0,1
84.0,1,0,1
84.2,1,0,1
84.4,1,0,1
84.6,1,0,1
84.8,1,0,1
85.0,1,0,1
85.2,1,0,1
85.4,1,0,1
85.6,-1,-1,0
85.8,-1,-1,0
86.0,-1,-1,0
86.2,1,0,1
86.4,-1,-1,0
86.6,1,0,1
86.8,1,0,1
87.0,1,0,1
87.2,-1,-1,0
87.4,-1,-1,0
87.6,-1,-1,0
87.8,-1,-1,0
88.0,1,0,1
88.2,-1,-1,0
88.4,1,0,1
88.6,1,0,1
88.8,1,0,1
89.0,1,0,1
89.2,-1,-1,0
89.4,-1,-1,0
89.6,-1,-1,0
89.8,-1,-1,0
90.0,-1,-1,0
90.2,-1,-1,0
90.4,-1,-1,0
90.6,-1,-1,0
90.8,-1,-1,0
91.0,-1,-1,0
91.2,-1,-1,0
91.4,-1,-1,0
91.6,-1,-1,0
91.8,-1,-1,0
92.0,1,0,1
92.2,1,0,1
92.4,-1,-1,0
92.6,-1,-1,0
92.8,-1,-1,0
93.0,-1,-1,0
93.2,-1,-1,0
93.4,0,0,1
93.6,0,0,1
93.8,1,0,1
94.0,1,0,1
94.2,1,0,1
94.4,1,0,1
94.6,1,0,1
94.8,1,0,1
95.0,1,0,1
95.2,-1,-1,0
95.4,-1,-1,0
95.6,-1,-1,0
95.8,-1,-1,0
96.0,-1,-1,0
96.2,-1,-1,0
96.4,-1,-1,0
96.6,-1,-1,0
96.8,1,0,1
97.0,1,0,1
97.2,1,0,1
97.4,1,0,1
97.6,1,0,1
97.8,1,0,1
98.0,1,0,1
98.2,-1,-1,0
98.4,-1,-1,0
98.6,-1,-1,0
98.8,1,0,1
99.0,1,0,1
99.2,1,0,1
99.4,1,0,1
99.6,1,0,1
99.8,1,0,1
100.0,1,0,1
100.2,1,0,1
100.4,1,0,1
100.6,1,0,1
100.8,1,0,1
101.0,1,0,1
101.2,1,0,1
101.4,1,0,1
101.6,1,0,1
101.8,0,0,1
102.0,1,0,1
102.2,0,0,1
102.4,0,0,1
102.6,0,0,1
102.8,0,0,1
103.0,0,0,1
103.2,1,0,1
103.4,1,0,1
103.6,1,0,1
103.8,1,0,1
104.0,1,0,1
104.2,1,0,1
104.4,1,0,1
104.6,1,0,1
104.8,1,0,1
105.0,1,0,1
105.2,1,0,1
105.4,1,0,1
105.6,1,0,1
105.8,1,0,1
106.0,1,0,1
106.2,1,0,1
106.4,1,0,1
106.6,-1,-1,0
106.8,-1,-1,0
107.0,1,0,1
107.2,0,0,1
107.4,1,0,1
107.6,1,0,1
107.8,-1,-1,0
108.0,-1,-1,0
108.2,1,0,1
108.4,1,0,1
108.6,1,0,1
108.8,1,0,1
109.0,1,0,1
109.2,1,0,1
109.4,1,0,1
109.6,1,0,1
109.8,1,0,1
110.0,1,0,1
110.2,1,0,1
110.4,1,0,1
110.6,1,0,1
110.8,1,0,1
111.0,1,0,1
111.2,1,0,1
111.4,1,0,1
111.6,1,0,1
111.8,1,0,1
112.0,1,0,1
112.2,1,0,1
112.4,0,0,1
112.6,0,0,1
112.8,0,0,1
113.0,0,0,1
113.2,0,0,1
113.4,0,0,1
113.6,0,0,1
113.8,0,0,1
114.0,0,0,1
114.2,0,0,1
114.4,0,0,1
114.6,0,0,1
114.8,1,0,1
115.0,0,0,1
115.2,1,0,1
115.4,1,0,1
115.6,1,0,1
115.8,1,0,1
116.0,1,0,1
116.2,0,0,1
116.4,0,0,1
116.6,0,0,1
116.8,0,0,1
117.0,0,0,1
117.2,1,0,1
117.4,1,0,1
117.6,1,0,1
117.8,0,0,1
118.0,0,0,1
118.2,0,0,1
118.4,0,0,1
118.6,1,0,1
118.8,1,0,1
119.0,-1,-1,0
119.2,-1,-1,0
119.4,-1,-1,0
119.6,-1,-1,0
119.8,-1,-1,0
120.0,-1,-1,0
120.2,-1,-1,0
120.4,-1,-1,0
120.6,1,0,1
120.8,1,0,1
121.0,1,0,1
121.2,0,0,1
121.4,0,0,1
121.6,0,0,1
121.8,0,0,1
122.0,0,0,1
122.2,0,0,1
122.4,0,0,1
122.6,1,0,1
122.8,1,0,1
123.0,1,0,1
123.2,0,0,1
123.4,1,0,1
123.6,1,0,1
123.8,1,0,1
124.0,1,0,1
124.2,1,0,1
124.4,1,0,1
124.6,1,0,1
124.8,1,0,1
125.0,1,0,1
125.2,0,0,1
125.4,0,0,1
125.6,1,0,1
125.8,0,0,1
126.0,0,0,1
126.2,0,0,1
126.4,0,0,1
126.6,0,0,1
126.8,0,0,1
127.0,0,0,1
127.2,0,0,1
127.4,1,0,1
127.6,0,0,1
127.8,-1,-1,0
128.0,-1,-1,0
128.2,-1,-1,0
128.4,-1,-1,0
128.6,1,0,1
128.8,-1,-1,0
129.0,-1,-1,0
129.2,1,0,1
129.4,0,0,1
129.6,1,0,1
129.8,1,0,1
130.0,1,0,1
130.2,0,0,1
130.4,0,0,1
130.6,-1,-1,0
130.8,1,0,1
131.0,0,0,1
131.2,0,0,1
131.4,0,0,1
131.6,1,0,1
131.8,0,0,1
132.0,0,0,1
132.2,0,0,1
132.4,0,0,1
132.6,1,0,1
132.8,0,0,1
133.0,1,0,1
133.2,1,0,1
133.4,0,0,1
133.6,0,0,1
133.8,0,0,1
134.0,0,0,1
134.2,0,0,1
134.4,0,0,1
134.6,0,0,1
134.8,1,0,1
135.0,1,0,1
135.2,1,0,1
135.4,1,0,1
135.6,1,0,1
135.8,1,0,1
136.0,-1,-1,0
136.2,-1,-1,0
136.4,-1,-1,0
136.6,-1,-1,0
136.8,-1,-1,0
137.0,-1,-1,0
137.2,-1,-1,0
137.4,1,0,1
137.6,1,0,1
137.8,-1,-1,0
138.0,-1,-1,0
138.2,-1,-1,0
138.4,-1,-1,0
138.6,-1,-1,0
138.8,1,0,1
139.0,-1,-1,0
139.2,-1,-1,0
139.4,1,0,1
139.6,1,0,1
139.8,1,0,1
140.0,-1,-1,0
140.2,-1,-1,0
140.4,-1,-1,0
140.6,-1,-1,0
140.8,-1,-1,0
141.0,-1,-1,0
141.2,1,0,1
141.4,-1,-1,0
141.6,1,0,1
141.8,1,0,1
142.0,-1,-1,0
142.2,-1,-1,0
142.4,-1,-1,0
142.6,-1,-1,0
142.8,-1,-1,0
143.0,-1,-1,0
143.2,-1,-1,0
143.4,-1,-1,0
143.6,-1,-1,0
143.8,-1,-1,0
144.0,-1,-1,0
144.2,-1,-1,0
144.4,-1,-1,0
144.6,-1,-1,0
144.8,-1,-1,0
145.0,-1,-1,0
145.2,-1,-1,0
145.4,-1,-1,0
145.6,-1,-1,0
145.8,-1,-1,0
146.0,-1,-1,0
146.2,-1,-1,0
146.4,-1,-1,0
146.6,-1,-1,0
146.8,-1,-1,0
147.0,-1,-1,0
147.2,1,0,1
147.4,1,0,1
147.6,1,0,1
147.8,-1,-1,0
148.0,1,0,1
148.2,-1,-1,0
148.4,1,0,1
148.6,1,0,1
148.8,1,0,1
149.0,1,0,1
149.2,1,0,1
149.4,1,0,1
149.6,1,0,1
149.8,1,0,1
150.0,1,0,1
150.2,1,0,1
150.4,1,0,1
150.6,1,0,1
150.8,1,0,1
151.0,1,0,1
151.2,1,0,1
151.4,1,0,1
151.6,1,0,1
151.8,1,0,1
152.0,1,0,1
152.2,1,0,1
152.4,1,0,1
152.6,1,0,1
152.8,-1,-1,0
153.0,-1,-1,0
153.2,-1,-1,0
153.4,-1,-1,0
153.6,-1,-1,0
153.8,-1,-1,0
154.0,-1,-1,0
154.2,-1,-1,0
154.4,-1,-1,0
154.6,-1,-1,0
154.8,-1,-1,0
155.0,-1,-1,0
155.2,-1,-1,0
155.4,-1,-1,0
155.6,-1,-1,0
155.8,-1,-1,0
156.0,-1,-1,0
156.2,-1,-1,0
156.4,-1,-1,0
156.6,-1,-1,0
156.8,-1,-1,0
157.0,-1,-1,0
157.2,-1,-1,0
157.4,-1,-1,0
157.6,-1,-1,0
157.8,-1,-1,0
158.0,-1,-1,0
158.2,-1,-1,0
158.4,-1,-1,0
158.6,-1,-1,0
158.8,-1,-1,0
159.0,-1,-1,0
159.2,-1,-1,0
159.4,-1,-1,0
159.6,-1,-1,0
159.8,-1,-1,0
160.0,-1,-1,0
160.2,-1,-1,0
160.4,-1,-1,0
160.6,-1,-1,0
160.8,-1,-1,0
161.0,-1,-1,0
161.2,-1,-1,0
161.4,-1,-1,0
161.6,-1,-1,0
161.8,-1,-1,0
162.0,-1,-1,0
162.2,-1,-1,0
162.4,-1,-1,0
162.6,-1,-1,0
162.8,-1,-1,0
163.0,-1,-1,0
163.2,-1,-1,0
163.4,-1,-1,0
163.6,1,0,1
163.8,1,0,1
164.0,-1,-1,0
164.2,-1,-1,0
164.4,-1,-1,0
164.6,-1,-1,0
164.8,-1,-1,0
165.0,-1,-1,0
165.2,-1,-1,0
165.4,-1,-1,0
165.6,-1,-1,0
165.8,-1,-1,0
166.0,-1,-1,0
166.2,-1,-1,0
166.4,-1,-1,0
166.6,-1,-1,0
166.8,-1,-1,0
167.0,-1,-1,0
167.2,-1,-1,0
167.4,-1,-1,0
167.6,-1,-1,0
167.8,-1,-1,0
168.0,-1,-1,0
168.2,-1,-1,0
168.4,-1,-1,0
168.6,-1,-1,0
168.8,-1,-1,0
169.0,-1,-1,0
169.2,-1,-1,0
169.4,-1,-1,0
169.6,-1,-1,0
169.8,-1,-1,0
170.0,-1,-1,0
170.2,-1,-1,0
170.4,-1,-1,0
170.6,-1,-1,0
170.8,-1,-1,0
171.0,-1,-1,0
171.2,-1,-1,0
171.4,-1,-1,0
171.6,-1,-1,0
171.8,-1,-1,0
172.0,-1,-1,0
172.2,-1,-1,0
172.4,-1,-1,0
172.6,-1,-1,0
172.8,-1,-1,0
173.0,-1,-1,0
173.2,-1,-1,0
173.4,-1,-1,0
173.6,-1,-1,0
173.8,-1,-1,0
174.0,-1,-1,0
174.2,-1,-1,0
174.4,-1,-1,0
174.6,-1,-1,0
174.8,-1,-1,0
175.0,-1,-1,0
175.2,-1,-1,0
175.4,-1,-1,0
175.6,1,0,1
175.8,1,0,1
176.0,1,0,1
176.2,1,0,1
176.4,1,0,1
176.6,-1,-1,0
176.8,-1,-1,0
177.0,-1,-1,0
177.2,-1,-1,0
177.4,-1,-1,0
177.6,1,0,1
177.8,1,0,1
178.0,1,0,1
178.2,-1,-1,0
178.4,1,0,1
178.6,-1,-1,0
178.8,1,0,1
179.0,1,0,1
179.2,-1,-1,0
179.4,1,0,1
179.6,1,0,1
179.8,1,0,1
180.0,-1,-1,0
180.2,-1,-1,0
180.4,-1,-1,0
180.6,-1,-1,0
180.8,-1,-1,0
181.0,1,0,1
181.2,1,0,1
181.4,1,0,1
181.6,1,0,1
181.8,1,0,1
182.0,1,0,1
182.2,1,0,1
182.4,1,0,1
182.6,-1,-1,0
182.8,-1,-1,0
183.0,-1,-1,0
183.2,-1,-1,0
183.4,-1,-1,0
183.6,-1,-1,0
183.8,-1,-1,0
184.0,-1,-1,0
184.2,-1,-1,0
184.4,-1,-1,0
184.6,1,0,1
184.8,0,0,1
185.0,1,0,1
185.2,-1,-1,0
185.4,1,0,1
185.6,-1,-1,0
185.8,-1,-1,0
186.0,-1,-1,0
186.2,-1,-1,0
186.4,-1,-1,0
186.6,-1,-1,0
186.8,-1,-1,0
187.0,-1,-1,0
187.2,-1,-1,0
187.4,-1,-1,0
187.6,-1,-1,0
187.8,-1,-1,0
188.0,-1,-1,0
188.2,-1,-1,0
188.4,-1,-1,0
188.6,-1,-1,0
188.8,-1,-1,0
189.0,-1,-1,0
189.2,-1,-1,0
189.4,-1,-1,0
189.6,-1,-1,0
189.8,-1,-1,0
190.0,-1,-1,0
190.2,-1,-1,0
190.4,1,0,1
190.6,-1,-1,0
190.8,-1,-1,0
191.0,-1,-1,0
191.2,-1,-1,0
191.4,-1,-1,0
191.6,-1,-1,0
191.8,-1,-1,0
192.0,-1,-1,0
192.2,-1,-1,0
192.4,1,0,1
192.6,0,0,1
192.8,1,0,1
193.0,-1,-1,0
193.2,1,0,1
193.4,1,0,1
193.6,1,0,1
193.8,-1,-1,0
194.0,-1,-1,0
194.2,1,0,1
194.4,1,0,1
194.6,1,0,1
194.8,1,0,1
195.0,-1,-1,0
195.2,1,0,1
195.4,-1,-1,0
195.6,1,0,1
195.8,-1,-1,0
196.0,-1,-1,0
196.2,-1,-1,0
196.4,-1,-1,0
196.6,-1,-1,0
196.8,-1,-1,0
197.0,-1,-1,0
197.2,-1,-1,0
197.4,-1,-1,0
197.6,-1,-1,0
197.8,-1,-1,0
198.0,-1,-1,0
198.2,-1,-1,0
198.4,-1,-1,0
198.6,-1,-1,0
198.8,-1,-1,0
199.0,0,0,1
199.2,-1,-1,0
199.4,-1,-1,0
199.6,0,0,1
199.8,1,0,1
200.0,0,0,1
200.2,1,0,1
200.4,1,0,1
200.6,1,0,1
200.8,1,0,1
201.0,1,0,1
201.2,1,0,1
201.4,1,0,1
201.6,1,0,1
201.8,1,0,1
202.0,1,0,1
202.2,1,0,1
202.4,1,0,1
202.6,1,0,1
202.8,1,0,1
203.0,1,0,1
203.2,0,0,1
203.4,1,0,1
203.6,1,0,1
203.8,0,0,1
204.0,0,0,1
204.2,0,0,1
204.4,1,0,1
204.6,1,0,1
204.8,1,0,1
205.0,1,0,1
205.2,1,0,1
205.4,1,0,1
205.6,1,0,1
205.8,1,0,1
206.0,1,0,1
206.2,1,0,1
206.4,1,0,1
206.6,1,0,1
206.8,0,0,1
207.0,1,0,1
207.2,0,0,1
207.4,0,0,1
207.6,0,0,1
207.8,1,0,1
208.0,1,0,1
208.2,1,0,1
208.4,0,0,1
208.6,0,0,1
208.8,0,0,1
209.0,0,0,1
209.2,0,0,1
209.4,0,0,1
209.6,0,0,1
209.8,1,0,1
210.0,0,0,1
210.2,0,0,1
210.4,0,0,1
210.6,0,0,1
210.8,1,0,1
211.0,0,0,1
211.2,0,0,1
211.4,0,0,1
211.6,1,0,1
211.8,1,0,1
212.0,1,0,1
212.2,0,0,1
212.4,0,0,1
212.6,0,0,1
212.8,0,0,1
213.0,0,0,1
213.2,0,0,1
213.4,0,0,1
213.6,0,0,1
213.8,0,0,1
214.0,0,0,1
214.2,0,0,1
214.4,0,0,1
214.6,0,0,1
214.8,0,0,1
215.0,0,0,1
215.2,0,0,1
215.4,0,0,1
215.6,0,0,1
215.8,0,0,1
216.0,-1,-1,0
216.2,-1,-1,0
216.4,1,0,1
216.6,1,0,1
216.8,1,0,1
217.0,1,0,1
217.2,1,0,1
217.4,1,0,1
217.6,1,0,1
217.8,1,0,1
218.0,1,0,1
218.2,1,0,1
218.4,1,0,1
218.6,-1,-1,0
218.8,-1,-1,0
219.0,-1,-1,0
219.2,-1,-1,0
219.4,-1,-1,0
219.6,-1,-1,0
219.8,-1,-1,0
220.0,-1,-1,0
220.2,-1,-1,0
220.4,-1,-1,0
220.6,-1,-1,0
220.8,-1,-1,0
221.0,-1,-1,0
221.2,-1,-1,0
221.4,-1,-1,0
221.6,-1,-1,0
221.8,-1,-1,0
222.0,-1,-1,0
222.2,-1,-1,0
222.4,-1,-1,0
222.6,-1,-1,0
222.8,-1,-1,0
223.0,-1,-1,0
223.2,-1,-1,0
223.4,-1,-1,0
223.6,-1,-1,0
223.8,-1,-1,0
224.0,-1,-1,0
224.2,-1,-1,0
224.4,-1,-1,0
224.6,-1,-1,0
224.8,-1,-1,0
225.0,-1,-1,0
225.2,-1,-1,0
225.4,-1,-1,0
225.6,-1,-1,0
225.8,-1,-1,0
226.0,-1,-1,0
226.2,-1,-1,0
226.4,-1,-1,0
226.6,-1,-1,0
226.8,-1,-1,0
227.0,-1,-1,0
227.2,-1,-1,0
227.4,-1,-1,0
227.6,-1,-1,0
227.8,-1,-1,0
228.0,-1,-1,0
228.2,-1,-1,0
228.4,-1,-1,0
228.6,-1,-1,0
228.8,-1,-1,0
229.0,-1,-1,0
229.2,-1,-1,0
229.4,-1,-1,0
229.6,-1,-1,0
229.8,-1,-1,0
230.0,-1,-1,0
230.2,-1,-1,0
230.4,1,0,1
230.6,1,0,1
230.8,1,0,1
231.0,1,0,1
231.2,1,0,1
231.4,1,0,1
231.6,1,0,1
231.8,1,0,1
232.0,1,0,1
232.2,0,0,1
232.4,1,0,1
232.6,1,0,1
232.8,0,0,1
233.0,1,0,1
233.2,1,0,1
233.4,1,0,1
233.6,-1,-1,0
233.8,-1,-1,0
234.0,-1,-1,0
234.2,1,0,1
234.4,1,0,1
234.6,-1,-1,0
234.8,-1,-1,0
235.0,-1,-1,0
235.2,-1,-1,0
235.4,-1,-1,0
235.6,-1,-1,0
235.8,1,0,1
236.0,-1,-1,0
236.2,-1,-1,0
236.4,1,0,1
236.6,-1,-1,0
236.8,-1,-1,0
237.0,-1,-1,0
237.2,-1,-1,0
237.4,-1,-1,0
237.6,-1,-1,0
237.8,-1,-1,0
238.0,-1,-1,0
238.2,1,0,1
238.4,-1,-1,0
238.6,-1,-1,0
238.8,-1,-1,0
239.0,-1,-1,0
239.2,1,0,1
239.4,-1,-1,0
239.6,-1,-1,0
239.8,-1,-1,0
240.0,1,0,1
240.2,1,0,1
240.4,-1,-1,0
240.6,1,0,1
240.8,1,0,1
241.0,1,0,1
241.2,1,0,1
241.4,1,0,1
241.6,0,0,1
241.8,0,0,1
242.0,1,0,1
242.2,1,0,1
242.4,1,0,1
242.6,-1,-1,0
242.8,-1,-1,0
243.0,-1,-1,0
243.2,-1,-1,0
243.4,-1,-1,0
243.6,-1,-1,0
243.8,-1,-1,0
244.0,-1,-1,0
244.2,-1,-1,0
244.4,-1,-1,0
244.6,-1,-1,0
244.8,-1,-1,0
245.0,-1,-1,0
245.2,-1,-1,0
245.4,1,0,1
245.6,1,0,1
245.8,-1,-1,0
246.0,-1,-1,0
246.2,-1,-1,0
246.4,-1,-1,0
246.6,-1,-1,0
246.8,-1,-1,0
247.0,-1,-1,0
247.2,-1,-1,0
247.4,-1,-1,0
247.6,-1,-1,0
247.8,-1,-1,0
248.0,-1,-1,0
248.2,-1,-1,0
248.4,-1,-1,0
248.6,-1,-1,0
248.8,-1,-1,0
249.0,-1,-1,0
249.2,-1,-1,0
249.4,-1,-1,0
249.6,-1,-1,0
249.8,-1,-1,0
250.0,-1,-1,0
250.2,-1,-1,0
250.4,-1,-1,0
250.6,-1,-1,0
250.8,-1,-1,0
251.0,-1,-1,0
251.2,-1,-1,0
251.4,-1,-1,0
251.6,-1,-1,0
251.8,-1,-1,0
252.0,-1,-1,0
252.2,-1,-1,0
252.4,-1,-1,0
252.6,-1,-1,0
252.8,-1,-1,0
253.0,-1,-1,0
253.2,-1,-1,0
253.4,-1,-1,0
253.6,-1,-1,0
253.8,-1,-1,0
254.0,-1,-1,0
254.2,-1,-1,0
254.4,-1,-1,0
254.6,-1,-1,0
254.8,-1,-1,0
255.0,-1,-1,0
255.2,-1,-1,0
255.4,-1,-1,0
255.6,-1,-1,0
255.8,-1,-1,0
256.0,-1,-1,0
256.2,-1,-1,0
256.4,-1,-1,0
256.6,-1,-1,0
256.8,-1,-1,0
257.0,-1,-1,0
257.2,-1,-1,0
257.4,-1,-1,0
257.6,-1,-1,0
257.8,-1,-1,0
258.0,-1,-1,0
258.2,-1,-1,0
258.4,-1,-1,0
258.6,-1,-1,0
258.8,-1,-1,0
259.0,-1,-1,0
259.2,-1,-1,0
259.4,-1,-1,0
259.6,-1,-1,0
259.8,-1,-1,0
260.0,-1,-1,0
260.2,-1,-1,0
260.4,1,0,1
260.6,-1,-1,0
260.8,-1,-1,0
261.0,-1,-1,0
261.2,-1,-1,0
261.4,-1,-1,0
261.6,-1,-1,0
261.8,-1,-1,0
262.0,-1,-1,0
262.2,-1,-1,0
262.4,-1,-1,0
262.6,-1,-1,0
262.8,-1,-1,0
263.0,-1,-1,0
263.2,-1,-1,0
263.4,-1,-1,0
263.6,-1,-1,0
263.8,1,0,1
264.0,1,0,1
264.2,1,0,1
264.4,1,0,1
264.6,1,0,1
264.8,1,0,1
265.0,1,0,1
265.2,1,0,1
265.4,1,0,1
265.6,1,0,1
265.8,1,0,1
266.0,1,0,1
266.2,1,0,1
266.4,1,0,1
266.6,1,0,1
266.8,1,0,1
267.0,1,0,1
267.2,1,0,1
267.4,1,0,1
267.6,1,0,1
267.8,0,0,1
268.0,0,0,1
268.2,0,0,1
268.4,0,0,1
268.6,0,0,1
268.8,0,0,1
269.0,0,0,1
269.2,0,0,1
269.4,1,0,1
269.6,1,0,1
269.8,1,0,1
270.0,1,0,1
270.2,1,0,1
270.4,1,0,1
270.6,1,0,1
270.8,1,0,1
271.0,1,0,1
271.2,1,0,1
271.4,1,0,1
271.6,1,0,1
271.8,0,0,1
272.0,0,0,1
272.2,0,0,1
272.4,0,0,1
272.6,0,0,1
272.8,0,0,1
273.0,0,0,1
273.2,1,0,1
273.4,1,0,1
273.6,1,0,1
273.8,1,0,1
274.0,1,0,1
274.2,1,0,1
274.4,1,0,1
274.6,1,0,1
274.8,1,0,1
275.0,1,0,1
275.2,1,0,1
275.4,1,0,1
275.6,0,0,1
275.8,0,0,1
276.0,0,0,1
276.2,-1,-1,0
276.4,-1,-1,0
276.6,1,0,1
276.8,1,0,1
277.0,0,0,1
277.2,0,0,1
277.4,0,0,1
277.6,0,0,1
277.8,0,0,1
278.0,0,0,1
278.2,1,0,1
278.4,1,0,1
278.6,1,0,1
278.8,1,0,1
279.0,1,0,1
279.2,1,0,1
279.4,1,0,1
279.6,1,0,1
279.8,1,0,1
280.0,1,0,1
280.2,1,0,1
280.4,0,0,1
280.6,0,0,1
280.8,1,0,1
281.0,1,0,1
281.2,1,0,1
281.4,1,0,1
281.6,1,0,1
281.8,-1,-1,0
282.0,-1,-1,0
282.2,-1,-1,0
282.4,1,0,1
282.6,-1,-1,0
282.8,-1,-1,0
283.0,-1,-1,0
283.2,-1,-1,0
283.4,1,0,1
283.6,0,0,1
283.8,0,0,1
284.0,1,0,1
284.2,1,0,1
284.4,1,0,1
284.6,1,0,1
284.8,1,0,1
285.0,-1,-1,0
285.2,-1,-1,0
285.4,1,0,1
285.6,1,0,1
285.8,1,0,1
286.0,1,0,1
286.2,1,0,1
286.4,1,0,1
286.6,1,0,1
286.8,-1,-1,0
287.0,-1,-1,0
287.2,-1,-1,0
287.4,-1,-1,0
287.6,-1,-1,0
287.8,1,0,1
288.0,-1,-1,0
288.2,-1,-1,0
288.4,-1,-1,0
288.6,-1,-1,0
288.8,-1,-1,0
289.0,-1,-1,0
289.2,-1,-1,0
289.4,-1,-1,0
289.6,-1,-1,0
289.8,-1,-1,0
290.0,-1,-1,0
290.2,-1,-1,0
290.4,-1,-1,0
290.6,-1,-1,0
290.8,-1,-1,0
291.0,-1,-1,0
291.2,1,0,1
291.4,1,0,1
291.6,0,0,1
291.8,-1,-1,0
292.0,-1,-1,0
292.2,1,0,1
292.4,1,0,1
292.6,1,0,1
292.8,1,0,1
293.0,1,0,1
293.2,0,0,1
293.4,1,0,1
293.6,0,0,1
293.8,-1,-1,0
294.0,1,0,1
294.2,1,0,1
294.4,1,0,1
294.6,-1,-1,0
294.8,-1,-1,0
295.0,-1,-1,0
295.2,-1,-1,0
295.4,-1,-1,0
295.6,-1,-1,0
295.8,1,0,1
296.0,-1,-1,0
296.2,-1,-1,0
296.4,1,0,1
296.6,-1,-1,0
296.8,-1,-1,0
297.0,-1,-1,0
297.2,-1,-1,0
297.4,-1,-1,0
297.6,-1,-1,0
297.8,-1,-1,0
298.0,-1,-1,0
298.2,-1,-1,0
298.4,-1,-1,0
298.6,-1,-1,0
298.8,-1,-1,0
299.0,-1,-1,0
299.2,1,0,1
299.4,1,0,1
299.6,1,0,1
299.8,1,0,1
300.0,-1,-1,0
300.2,-1,-1,0
300.4,-1,-1,0
300.6,-1,-1,0
300.8,-1,-1,0
301.0,-1,-1,0
301.2,-1,-1,0
301.4,-1,-1,0
301.6,-1,-1,0
301.8,-1,-1,0
302.0,-1,-1,0
302.2,-1,-1,0
302.4,-1,-1,0
302.6,-1,-1,0
302.8,-1,-1,0
303.0,-1,-1,0
303.2,-1,-1,0
303.4,-1,-1,0
303.6,-1,-1,0
303.8,-1,-1,0
304.0,-1,-1,0
304.2,-1,-1,0
304.4,-1,-1,0
304.6,-1,-1,0
304.8,-1,-1,0
305.0,-1,-1,0
305.2,-1,-1,0
305.4,-1,-1,0
305.6,-1,-1,0
305.8,-1,-1,0
306.0,-1,-1,0
306.2,-1,-1,0
306.4,-1,-1,0
306.6,-1,-1,0
306.8,-1,-1,0
307.0,-1,-1,0
307.2,-1,-1,0
307.4,-1,-1,0
307.6,-1,-1,0
307.8,-1,-1,0
308.0,-1,-1,0
308.2,-1,-1,0
308.4,-1,-1,0
308.6,-1,-1,0
308.8,-1,-1,0
309.0,-1,-1,0
309.2,-1,-1,0
309.4,-1,-1,0
309.6,-1,-1,0
309.8,-1,-1,0
310.0,-1,-1,0
310.2,-1,-1,0
310.4,-1,-1,0
310.6,-1,-1,0
310.8,-1,-1,0
311.0,-1,-1,0
311.2,-1,-1,0
311.4,-1,-1,0
311.6,-1,-1,0
311.8,1,0,1
312.0,1,0,1
312.2,1,0,1
312.4,1,0,1
312.6,1,0,1
312.8,1,0,1
313.0,1,0,1
313.2,1,0,1
313.4,0,0,1
313.6,1,0,1
313.8,1,0,1
314.0,1,0,1
314.2,1,0,1
314.4,1,0,1
314.6,1,0,1
314.8,-1,-1,0
315.0,-1,-1,0
315.2,-1,-1,0
315.4,-1,-1,0
315.6,-1,-1,0
315.8,-1,-1,0
316.0,-1,-1,0
316.2,-1,-1,0
316.4,-1,-1,0
316.6,-1,-1,0
316.8,-1,-1,0
317.0,-1,-1,0
317.2,-1,-1,0
317.4,-1,-1,0
317.6,-1,-1,0
317.8,-1,-1,0
318.0,-1,-1,0
318.2,-1,-1,0
318.4,-1,-1,0
318.6,-1,-1,0
318.8,-1,-1,0
319.0,-1,-1,0
319.2,-1,-1,0
319.4,-1,-1,0
319.6,-1,-1,0
319.8,-1,-1,0
320.0,-1,-1,0
320.2,-1,-1,0
320.4,-1,-1,0
320.6,-1,-1,0
320.8,-1,-1,0
321.0,-1,-1,0
321.2,-1,-1,0
321.4,-1,-1,0
321.6,-1,-1,0
321.8,-1,-1,0
322.0,-1,-1,0
322.2,-1,-1,0
322.4,-1,-1,0
322.6,-1,-1,0
322.8,-1,-1,0
323.0,-1,-1,0
323.2,-1,-1,0
323.4,-1,-1,0
323.6,-1,-1,0
323.8,-1,-1,0
324.0,-1,-1,0
324.2,-1,-1,0
324.4,-1,-1,0
324.6,-1,-1,0
324.8,-1,-1,0
325.0,-1,-1,0
325.2,-1,-1,0
325.4,-1,-1,0
325.6,-1,-1,0
325.8,-1,-1,0
326.0,-1,-1,0
326.2,-1,-1,0
326.4,-1,-1,0
326.6,-1,-1,0
326.8,-1,-1,0
327.0,-1,-1,0
327.2,-1,-1,0
327.4,-1,-1,0
327.6,-1,-1,0
327.8,-1,-1,0
328.0,-1,-1,0
328.2,-1,-1,0
328.4,-1,-1,0
328.6,-1,-1,0
328.8,-1,-1,0
329.0,-1,-1,0
329.2,-1,-1,0
329.4,-1,-1,0
329.6,-1,-1,0
329.8,-1,-1,0
330.0,-1,-1,0
330.2,-1,-1,0
330.4,-1,-1,0
330.6,-1,-1,0
330.8,-1,-1,0
331.0,-1,-1,0
331.2,-1,-1,0
331.4,-1,-1,0
331.6,-1,-1,0
331.8,-1,-1,0
332.0,-1,-1,0
332.2,-1,-1,0
332.4,-1,-1,0
332.6,-1,-1,0
332.8,-1,-1,0
333.0,-1,-1,0
333.2,-1,-1,0
333.4,-1,-1,0
333.6,-1,-1,0
333.8,-1,-1,0
334.0,-1,-1,0
334.2,-1,-1,0
334.4,-1,-1,0
334.6,-1,-1,0
334.8,-1,-1,0
335.0,-1,-1,0
335.2,-1,-1,0
335.4,-1,-1,0
335.6,-1,-1,0
335.8,-1,-1,0
336.0,-1,-1,0
336.2,-1,-1,0
336.4,-1,-1,0
336.6,-1,-1,0
336.8,-1,-1,0
337.0,1,0,1
337.2,-1,-1,0
337.4,-1,-1,0
337.6,-1,-1,0
337.8,-1,-1,0
338.0,-1,-1,0
338.2,-1,-1,0
338.4,-1,-1,0
338.6,-1,-1,0
338.8,-1,-1,0
339.0,-1,-1,0
339.2,-1,-1,0
339.4,-1,-1,0
339.6,-1,-1,0
339.8,-1,-1,0
340.0,-1,-1,0
340.2,-1,-1,0
340.4,-1,-1,0
340.6,-1,-1,0
340.8,-1,-1,0
341.0,-1,-1,0
341.2,-1,-1,0
341.4,-1,-1,0
341.6,-1,-1,0
341.8,-1,-1,0
342.0,-1,-1,0
342.2,-1,-1,0
342.4,-1,-1,0
342.6,-1,-1,0
342.8,-1,-1,0
343.0,-1,-1,0
343.2,-1,-1,0
343.4,-1,-1,0
343.6,-1,-1,0
343.8,-1,-1,0
344.0,-1,-1,0
344.2,-1,-1,0
344.4,-1,-1,0
344.6,-1,-1,0
344.8,-1,-1,0
345.0,-1,-1,0
345.2,-1,-1,0
345.4,-1,-1,0
345.6,-1,-1,0
345.8,-1,-1,0
346.0,-1,-1,0
346.2,-1,-1,0
346.4,-1,-1,0
346.6,-1,-1,0
346.8,-1,-1,0
347.0,-1,-1,0
347.2,-1,-1,0
347.4,-1,-1,0
347.6,-1,-1,0
347.8,-1,-1,0
348.0,-1,-1,0
348.2,-1,-1,0
348.4,-1,-1,0
348.6,-1,-1,0
348.8,-1,-1,0
349.0,-1,-1,0
349.2,-1,-1,0
349.4,-1,-1,0
349.6,-1,-1,0
349.8,-1,-1,0
350.0,-1,-1,0
350.2,-1,-1,0
350.4,-1,-1,0
350.6,-1,-1,0
350.8,-1,-1,0
351.0,-1,-1,0
351.2,-1,-1,0
351.4,-1,-1,0
351.6,-1,-1,0
351.8,-1,-1,0
352.0,-1,-1,0
352.2,1,0,1
352.4,-1,-1,0
352.6,-1,-1,0
352.8,-1,-1,0
353.0,-1,-1,0
353.2,-1,-1,0
353.4,-1,-1,0
353.6,-1,-1,0
353.8,-1,-1,0
354.0,-1,-1,0
354.2,-1,-1,0
354.4,-1,-1,0
354.6,-1,-1,0
354.8,-1,-1,0
355.0,-1,-1,0
355.2,-1,-1,0
355.4,-1,-1,0
355.6,-1,-1,0
355.8,-1,-1,0
356.0,-1,-1,0
356.2,-1,-1,0
356.4,-1,-1,0
356.6,-1,-1,0
356.8,-1,-1,0
357.0,-1,-1,0
357.2,-1,-1,0
357.4,-1,-1,0
357.6,-1,-1,0
357.8,-1,-1,0
358.0,-1,-1,0
358.2,-1,-1,0
358.4,-1,-1,0
358.6,-1,-1,0
358.8,-1,-1,0
359.0,-1,-1,0
359.2,-1,-1,0
359.4,-1,-1,0
359.6,-1,-1,0
359.8,-1,-1,0
360.0,-1,-1,0
360.2,-1,-1,0
360.4,-1,-1,0
360.6,-1,-1,0
360.8,-1,-1,0
361.0,-1,-1,0
361.2,-1,-1,0
361.4,-1,-1,0
361.6,-1,-1,0
361.8,-1,-1,0
362.0,-1,-1,0
362.2,-1,-1,0
362.4,-1,-1,0
362.6,-1,-1,0
362.8,-1,-1,0
363.0,1,0,1
363.2,1,0,1
363.4,1,0,1
363.6,1,0,1
363.8,1,0,1
364.0,1,0,1
364.2,1,0,1
364.4,1,0,1
364.6,1,0,1
364.8,1,0,1
365.0,1,0,1
365.2,1,0,1
365.4,1,0,1
365.6,1,0,1
365.8,1,0,1
366.0,1,0,1
366.2,1,0,1
366.4,1,0,1
366.6,1,0,1
366.8,1,0,1
367.0,1,0,1
367.2,1,0,1
367.4,1,0,1
367.6,1,0,1
367.8,1,0,1
368.0,1,0,1
368.2,1,0,1
368.4,1,0,1
368.6,1,0,1
368.8,0,0,1
369.0,1,0,1
369.2,0,0,1
369.4,1,0,1
369.6,1,0,1
369.8,0,0,1
370.0,1,0,1
370.2,1,0,1
370.4,1,0,1
370.6,1,0,1
370.8,1,0,1
371.0,1,0,1
371.2,1,0,1
371.4,1,0,1
371.6,1,0,1
371.8,1,0,1
372.0,0,0,1
372.2,0,0,1
372.4,1,0,1
372.6,0,0,1
372.8,1,0,1
373.0,1,0,1
373.2,1,0,1
373.4,0,0,1
373.6,1,0,1
373.8,0,0,1
374.0,0,0,1
374.2,0,0,1
374.4,0,0,1
374.6,0,0,1
374.8,0,0,1
375.0,0,0,1
375.2,0,0,1
375.4,0,0,1
375.6,0,0,1
375.8,0,0,1
376.0,0,0,1
376.2,0,0,1
376.4,0,0,1
376.6,1,0,1
376.8,1,0,1
377.0,1,0,1
377.2,0,0,1
377.4,0,0,1
377.6,0,0,1
377.8,0,0,1
378.0,0,0,1
378.2,0,0,1
378.4,0,0,1
378.6,0,0,1
378.8,0,0,1
379.0,0,0,1
379.2,0,0,1
379.4,0,0,1
379.6,0,0,1
379.8,1,0,1
380.0,0,0,1
380.2,0,0,1
380.4,0,0,1
380.6,0,0,1
380.8,0,0,1
381.0,0,0,1
381.2,0,0,1
381.4,0,0,1
381.6,0,0,1
381.8,0,0,1
382.0,0,0,1
382.2,0,0,1
382.4,0,0,1
382.6,0,0,1
382.8,0,0,1
383.0,0,0,1
383.2,0,0,1
383.4,0,0,1
383.6,1,0,1
383.8,0,0,1
384.0,0,0,1
384.2,1,0,1
384.4,0,0,1
384.6,0,0,1
384.8,0,0,1
385.0,0,0,1
385.2,0,0,1
385.4,0,0,1
385.6,1,0,1
385.8,0,0,1
386.0,0,0,1
386.2,0,0,1
386.4,0,0,1
386.6,0,0,1
386.8,1,0,1
387.0,0,0,1
387.2,-1,-1,0
387.4,1,0,1
387.6,1,0,1
387.8,1,0,1
388.0,1,0,1
388.2,1,0,1
388.4,1,0,1
388.6,1,0,1
388.8,1,0,1
389.0,-1,-1,0
389.2,1,0,1
389.4,1,0,1
389.6,1,0,1
389.8,1,0,1
390.0,1,0,1
390.2,1,0,1
390.4,1,0,1
390.6,1,0,1
390.8,1,0,1
391.0,1,0,1
391.2,1,0,1
391.4,1,0,1
391.6,1,0,1
391.8,1,0,1
392.0,1,0,1
392.2,1,0,1
392.4,1,0,1
392.6,1,0,1
392.8,1,0,1
393.0,1,0,1
393.2,1,0,1
393.4,1,0,1
393.6,1,0,1
393.8,1,0,1
394.0,1,0,1
394.2,1,0,1
394.4,1,0,1
394.6,1,0,1
394.8,1,0,1
395.0,1,0,1
395.2,1,0,1
395.4,0,0,1
395.6,0,0,1
395.8,0,0,1
396.0,0,0,1
396.2,0,0,1
396.4,0,0,1
396.6,0,0,1
396.8,0,0,1
397.0,0,0,1
397.2,0,0,1
397.4,0,0,1
397.6,1,0,1
397.8,1,0,1
398.0,1,0,1
398.2,1,0,1
398.4,1,0,1
398.6,1,0,1
398.8,1,0,1
399.0,1,0,1
399.2,1,0,1
399.4,1,0,1
399.6,1,0,1
399.8,1,0,1
400.0,1,0,1
400.2,1,0,1
400.4,0,0,1
400.6,0,0,1
400.8,0,0,1
401.0,0,0,1
401.2,1,0,1
401.4,1,0,1
401.6,-1,-1,0
401.8,-1,-1,0
402.0,1,0,1
402.2,1,0,1
402.4,-1,-1,0
402.6,-1,-1,0
402.8,-1,-1,0
403.0,-1,-1,0
403.2,-1,-1,0
403.4,-1,-1,0
403.6,-1,-1,0
403.8,-1,-1,0
404.0,-1,-1,0
404.2,-1,-1,0
404.4,-1,-1,0
404.6,1,0,1
404.8,-1,-1,0
405.0,-1,-1,0
405.2,1,0,1
405.4,-1,-1,0
405.6,1,0,1
405.8,1,0,1
406.0,1,0,1
406.2,1,0,1
406.4,-1,-1,0
406.6,-1,-1,0
406.8,1,0,1
407.0,-1,-1,0
407.2,-1,-1,0
407.4,-1,-1,0
407.6,1,0,1
407.8,1,0,1
408.0,1,0,1
408.2,-1,-1,0
408.4,1,0,1
408.6,1,0,1
408.8,1,0,1
409.0,1,0,1
409.2,1,0,1
409.4,1,0,1
409.6,1,0,1
409.8,0,0,1
410.0,1,0,1
410.2,0,0,1
410.4,1,0,1
410.6,1,0,1
410.8,1,0,1
411.0,1,0,1
411.2,1,0,1
411.4,1,0,1
411.6,1,0,1
411.8,1,0,1
412.0,1,0,1
412.2,1,0,1
412.4,1,0,1
412.6,1,0,1
412.8,1,0,1
413.0,1,0,1
413.2,1,0,1
413.4,1,0,1
413.6,1,0,1
413.8,1,0,1
414.0,1,0,1
414.2,1,0,1
414.4,0,0,1
414.6,0,0,1
414.8,0,0,1
415.0,0,0,1
415.2,0,0,1
415.4,-1,-1,0
415.6,-1,-1,0
415.8,0,0,1
416.0,1,0,1
416.2,1,0,1
416.4,1,0,1
416.6,1,0,1
416.8,1,0,1
417.0,1,0,1
417.2,1,0,1
417.4,1,0,1
417.6,1,0,1
417.8,-1,-1,0
418.0,1,0,1
418.2,-1,-1,0
418.4,-1,-1,0
418.6,-1,-1,0
418.8,0,0,1
419.0,-1,-1,0
419.2,-1,-1,0
419.4,-1,-1,0
419.6,0,0,1
419.8,1,0,1
420.0,-1,-1,0
420.2,-1,-1,0
420.4,1,0,1
420.6,1,0,1
420.8,1,0,1
421.0,-1,-1,0
421.2,-1,-1,0
421.4,-1,-1,0
421.6,-1,-1,0
421.8,-1,-1,0
422.0,-1,-1,0
422.2,-1,-1,0
422.4,-1,-1,0
422.6,-1,-1,0
422.8,-1,-1,0
423.0,-1,-1,0
423.2,-1,-1,0
423.4,-1,-1,0
423.6,-1,-1,0
423.8,-1,-1,0
424.0,-1,-1,0
424.2,-1,-1,0
424.4,-1,-1,0
424.6,1,0,1
424.8,1,0,1
425.0,1,0,1
425.2,-1,-1,0
425.4,1,0,1
425.6,1,0,1
425.8,1,0,1
426.0,1,0,1
426.2,1,0,1
426.4,1,0,1
426.6,1,0,1
426.8,1,0,1
427.0,1,0,1
427.2,1,0,1
427.4,1,0,1
427.6,1,0,1
427.8,1,0,1
428.0,1,0,1
428.2,1,0,1
428.4,1,0,1
428.6,1,0,1
428.8,1,0,1
429.0,1,0,1
429.2,1,0,1
429.4,1,0,1
429.6,1,0,1
429.8,1,0,1
430.0,1,0,1
430.2,1,0,1
430.4,1,0,1
430.6,0,0,1
430.8,1,0,1
431.0,0,0,1
431.2,0,0,1
431.4,0,0,1
431.6,0,0,1
431.8,1,0,1
432.0,1,0,1
432.2,0,0,1
432.4,0,0,1
432.6,0,0,1
432.8,0,0,1
433.0,0,0,1
433.2,0,0,1
433.4,0,0,1
433.6,0,0,1
433.8,0,0,1
434.0,0,0,1
434.2,0,0,1
434.4,0,0,1
434.6,0,0,1
434.8,0,0,1
435.0,0,0,1
435.2,0,0,1
435.4,0,0,1
435.6,0,0,1
435.8,0,0,1
436.0,0,0,1
436.2,0,0,1
436.4,0,0,1
436.6,0,0,1
436.8,0,0,1
437.0,0,0,1
437.2,0,0,1
437.4,0,0,1
437.6,0,0,1
437.8,0,0,1
438.0,0,0,1
438.2,0,0,1
438.4,0,0,1
438.6,0,0,1
438.8,0,0,1
439.0,0,0,1
439.2,0,0,1
439.4,0,0,1
439.6,0,0,1
439.8,0,0,1
440.0,0,0,1
440.2,0,0,1
440.4,0,0,1
440.6,1,0,1
440.8,1,0,1
441.0,1,0,1
441.2,0,0,1
441.4,0,0,1
441.6,0,0,1
441.8,0,0,1
442.0,0,0,1
442.2,0,0,1
442.4,1,0,1
442.6,0,0,1
442.8,1,0,1
443.0,1,0,1
443.2,1,0,1
443.4,1,0,1
443.6,1,0,1
443.8,1,0,1
444.0,1,0,1
444.2,-1,-1,0
444.4,1,0,1
444.6,1,0,1
444.8,1,0,1
445.0,1,0,1
445.2,1,0,1
445.4,1,0,1
445.6,1,0,1
445.8,1,0,1
446.0,1,0,1
446.2,1,0,1
446.4,1,0,1
446.6,1,0,1
446.8,1,0,1
447.0,-1,-1,0
447.2,-1,-1,0
447.4,-1,-1,0
447.6,-1,-1,0
447.8,-1,-1,0
448.0,-1,-1,0
448.2,-1,-1,0
448.4,-1,-1,0
448.6,-1,-1,0
448.8,-1,-1,0
449.0,-1,-1,0
449.2,-1,-1,0
449.4,1,0,1
449.6,0,0,1
449.8,1,0,1
450.0,1,0,1
450.2,1,0,1
450.4,1,0,1
450.6,0,0,1
450.8,0,0,1
451.0,0,0,1
451.2,0,0,1
451.4,1,0,1
451.6,1,0,1
451.8,0,0,1
452.0,0,0,1
452.2,0,0,1
452.4,0,0,1
452.6,0,0,1
452.8,1,0,1
453.0,0,0,1
453.2,0,0,1
453.4,0,0,1
453.6,0,0,1
453.8,0,0,1
454.0,0,0,1
454.2,0,0,1
454.4,0,0,1
454.6,0,0,1
454.8,0,0,1
455.0,0,0,1
455.2,0,0,1
455.4,0,0,1
455.6,0,0,1
455.8,0,0,1
456.0,0,0,1
456.2,0,0,1
456.4,0,0,1
456.6,0,0,1
456.8,0,0,1
457.0,0,0,1
457.2,0,0,1
457.4,0,0,1
457.6,1,0,1
457.8,1,0,1
458.0,1,0,1
458.2,1,0,1
458.4,0,0,1
458.6,0,0,1
458.8,0,0,1
459.0,0,0,1
459.2,0,0,1
459.4,0,0,1
459.6,1,0,1
459.8,1,0,1
460.0,-1,-1,0
460.2,-1,-1,0
460.4,-1,-1,0
460.6,-1,-1,0
460.8,-1,-1,0
461.0,-1,-1,0
461.2,-1,-1,0
461.4,-1,-1,0
461.6,-1,-1,0
461.8,-1,-1,0
462.0,-1,-1,0
462.2,-1,-1,0
462.4,-1,-1,0
462.6,-1,-1,0
462.8,-1,-1,0
463.0,-1,-1,0
463.2,-1,-1,0
463.4,-1,-1,0
463.6,-1,-1,0
463.8,-1,-1,0
464.0,-1,-1,0
464.2,-1,-1,0
464.4,-1,-1,0
464.6,-1,-1,0
464.8,-1,-1,0
465.0,-1,-1,0
465.2,-1,-1,0
465.4,-1,-1,0
465.6,1,0,1
465.8,-1,-1,0
466.0,-1,-1,0
466.2,-1,-1,0
466.4,-1,-1,0
466.6,-1,-1,0
466.8,1,0,1
467.0,1,0,1
467.2,1,0,1
467.4,1,0,1
467.6,1,0,1
467.8,1,0,1
468.0,1,0,1
468.2,1,0,1
468.4,1,0,1
468.6,1,0,1
468.8,1,0,1
469.0,1,0,1
469.2,1,0,1
469.4,1,0,1
469.6,1,0,1
469.8,1,0,1
470.0,1,0,1
470.2,1,0,1
470.4,1,0,1
470.6,1,0,1
470.8,1,0,1
471.0,0,0,1
471.2,0,0,1
471.4,0,0,1
471.6,1,0,1
471.8,1,0,1
472.0,1,0,1
472.2,1,0,1
472.4,1,0,1
472.6,1,0,1
472.8,-1,-1,0
473.0,1,0,1
473.2,1,0,1
473.4,1,0,1
473.6,1,0,1
473.8,1,0,1
474.0,1,0,1
474.2,1,0,1
474.4,1,0,1
474.6,1,0,1
474.8,1,0,1
475.0,1,0,1
475.2,1,0,1
475.4,1,0,1
475.6,1,0,1
475.8,1,0,1
476.0,1,0,1
476.2,1,0,1
476.4,1,0,1
476.6,1,0,1
476.8,1,0,1
477.0,1,0,1
477.2,0,0,1
477.4,0,0,1
477.6,0,0,1
477.8,0,0,1
478.0,0,0,1
478.2,0,0,1
478.4,0,0,1
478.6,0,0,1
478.8,1,0,1
479.0,0,0,1
479.2,0,0,1
479.4,1,0,1
479.6,1,0,1
479.8,1,0,1
480.0,0,0,1
480.2,0,0,1
480.4,0,0,1
480.6,1,0,1
480.8,0,0,1
481.0,0,0,1
481.2,0,0,1
481.4,0,0,1
481.6,0,0,1
481.8,0,0,1
482.0,0,0,1
482.2,0,0,1
482.4,0,0,1
482.6,0,0,1
482.8,0,0,1
483.0,0,0,1
483.2,0,0,1
483.4,0,0,1
483.6,0,0,1
483.8,0,0,1
484.0,0,0,1
484.2,0,0,1
484.4,0,0,1
484.6,0,0,1
484.8,0,0,1
485.0,0,0,1
485.2,1,0,1
485.4,0,0,1
485.6,1,0,1
485.8,1,0,1
486.0,1,0,1
486.2,1,0,1
486.4,1,0,1
486.6,1,0,1
486.8,1,0,1
487.0,1,0,1
487.2,1,0,1
487.4,1,0,1
487.6,1,0,1
487.8,1,0,1
488.0,1,0,1
488.2,1,0,1
488.4,1,0,1
488.6,1,0,1
488.8,1,0,1
489.0,1,0,1
489.2,1,0,1
489.4,1,0,1
489.6,1,0,1
489.8,1,0,1
490.0,1,0,1
490.2,0,0,1
490.4,0,0,1
490.6,0,0,1
490.8,0,0,1
491.0,0,0,1
491.2,0,0,1
491.4,1,0,1
491.6,1,0,1
491.8,1,0,1
492.0,1,0,1
492.2,1,0,1
492.4,1,0,1
492.6,1,0,1
492.8,1,0,1
493.0,0,0,1
493.2,0,0,1
493.4,0,0,1
493.6,0,0,1
493.8,0,0,1
494.0,0,0,1
494.2,0,0,1
494.4,0,0,1
494.6,0,0,1
494.8,0,0,1
495.0,0,0,1
495.2,0,0,1
495.4,0,0,1
495.6,0,0,1
495.8,0,0,1
496.0,0,0,1
496.2,0,0,1
496.4,0,0,1
496.6,0,0,1
496.8,0,0,1
497.0,0,0,1
497.2,0,0,1
497.4,0,0,1
497.6,0,0,1
497.8,0,0,1
498.0,0,0,1
498.2,0,0,1
498.4,0,0,1
498.6,0,0,1
498.8,0,0,1
499.0,0,0,1
499.2,0,0,1
499.4,0,0,1
499.6,0,0,1
499.8,0,0,1
500.0,0,0,1
500.2,0,0,1
500.4,0,0,1
500.6,0,0,1
500.8,0,0,1
501.0,0,0,1
501.2,0,0,1
501.4,0,0,1
501.6,0,0,1
501.8,0,0,1
502.0,0,0,1
502.2,0,0,1
502.4,0,0,1
502.6,0,0,1
502.8,0,0,1
503.0,0,0,1
503.2,0,0,1
503.4,0,0,1
503.6,0,0,1
503.8,0,0,1
504.0,0,0,1
504.2,0,0,1
504.4,0,0,1
504.6,0,0,1
504.8,0,0,1
505.0,0,0,1
505.2,0,0,1
505.4,0,0,1
505.6,0,0,1
505.8,0,0,1
506.0,0,0,1
506.2,1,0,1
506.4,0,0,1
506.6,0,0,1
506.8,0,0,1
507.0,0,0,1
507.2,0,0,1
507.4,0,0,1
507.6,0,0,1
507.8,0,0,1
508.0,0,0,1
508.2,0,0,1
508.4,0,0,1
508.6,0,0,1
508.8,0,0,1
509.0,0,0,1
509.2,0,0,1
509.4,0,0,1
509.6,0,0,1
509.8,0,0,1
510.0,0,0,1
510.2,0,0,1
510.4,0,0,1
510.6,0,0,1
510.8,1,0,1
511.0,1,0,1
511.2,0,0,1
511.4,1,0,1
511.6,1,0,1
511.8,1,0,1
512.0,1,0,1
512.2,1,0,1
512.4,1,0,1
512.6,1,0,1
512.8,1,0,1
513.0,1,0,1
513.2,1,0,1
513.4,1,0,1
513.6,1,0,1
513.8,1,0,1
514.0,-1,-1,0
514.2,1,0,1
514.4,1,0,1
514.6,1,0,1
514.8,1,0,1
515.0,1,0,1
515.2,0,0,1
515.4,0,0,1
515.6,1,0,1
515.8,1,0,1
516.0,1,0,1
516.2,1,0,1
516.4,1,0,1
516.6,1,0,1
516.8,1,0,1
517.0,1,0,1
517.2,1,0,1
517.4,1,0,1
517.6,1,0,1
517.8,1,0,1
518.0,1,0,1
518.2,1,0,1
518.4,1,0,1
518.6,1,0,1
518.8,1,0,1
519.0,1,0,1
519.2,1,0,1
519.4,1,0,1
519.6,0,0,1
519.8,0,0,1
520.0,0,0,1
520.2,0,0,1
520.4,0,0,1
520.6,0,0,1
520.8,0,0,1
521.0,0,0,1
521.2,0,0,1
521.4,0,0,1
521.6,0,0,1
521.8,0,0,1
522.0,0,0,1
522.2,0,0,1
522.4,0,0,1
522.6,0,0,1
522.8,0,0,1
523.0,0,0,1
523.2,0,0,1
523.4,0,0,1
523.6,0,0,1
523.8,0,0,1
524.0,0,0,1
524.2,0,0,1
524.4,1,0,1
524.6,1,0,1
524.8,1,0,1
525.0,1,0,1
525.2,1,0,1
525.4,1,0,1
525.6,1,0,1
525.8,1,0,1
526.0,1,0,1
526.2,1,0,1
526.4,1,0,1
526.6,1,0,1
526.8,1,0,1
527.0,1,0,1
527.2,1,0,1
527.4,1,0,1
527.6,1,0,1
527.8,1,0,1
528.0,1,0,1
528.2,1,0,1
528.4,1,0,1
528.6,1,0,1
528.8,1,0,1
529.0,1,0,1
529.2,1,0,1
529.4,1,0,1
529.6,1,0,1
529.8,1,0,1
530.0,-1,-1,0
530.2,-1,-1,0
530.4,-1,-1,0
530.6,-1,-1,0
530.8,-1,-1,0
531.0,1,0,1
531.2,1,0,1
531.4,1,0,1
531.6,0,0,1
531.8,1,0,1
532.0,-1,-1,0
532.2,-1,-1,0
532.4,-1,-1,0
532.6,-1,-1,0
532.8,-1,-1,0
533.0,-1,-1,0
533.2,-1,-1,0
533.4,-1,-1,0
533.6,-1,-1,0
533.8,-1,-1,0
534.0,1,0,1
534.2,-1,-1,0
534.4,-1,-1,0
534.6,-1,-1,0
534.8,-1,-1,0
535.0,-1,-1,0
535.2,-1,-1,0
535.4,-1,-1,0
535.6,-1,-1,0
535.8,-1,-1,0
536.0,-1,-1,0
536.2,-1,-1,0
536.4,-1,-1,0
536.6,-1,-1,0
536.8,-1,-1,0
537.0,-1,-1,0
537.2,-1,-1,0
537.4,-1,-1,0
537.6,-1,-1,0
537.8,-1,-1,0
538.0,-1,-1,0
538.2,-1,-1,0
538.4,-1,-1,0
538.6,-1,-1,0
538.8,-1,-1,0
539.0,-1,-1,0
539.2,-1,-1,0
539.4,-1,-1,0
539.6,-1,-1,0
539.8,-1,-1,0
540.0,-1,-1,0
540.2,-1,-1,0
540.4,-1,-1,0
540.6,-1,-1,0
540.8,-1,-1,0
541.0,-1,-1,0
541.2,-1,-1,0
541.4,-1,-1,0
541.6,-1,-1,0
541.8,-1,-1,0
542.0,-1,-1,0
542.2,-1,-1,0
542.4,-1,-1,0
542.6,-1,-1,0
542.8,-1,-1,0
543.0,-1,-1,0
543.2,-1,-1,0
543.4,-1,-1,0
543.6,-1,-1,0
543.8,-1,-1,0
544.0,1,0,1
544.2,1,0,1
544.4,1,0,1
544.6,1,0,1
544.8,1,0,1
545.0,1,0,1
545.2,1,0,1
545.4,-1,-1,0
545.6,-1,-1,0
545.8,-1,-1,0
546.0,-1,-1,0
546.2,-1,-1,0
546.4,-1,-1,0
546.6,-1,-1,0
546.8,-1,-1,0
547.0,-1,-1,0
547.2,-1,-1,0
547.4,1,0,1
547.6,1,0,1
547.8,1,0,1
548.0,1,0,1
548.2,1,0,1
548.4,1,0,1
548.6,1,0,1
548.8,1,0,1
549.0,1,0,1
549.2,1,0,1
549.4,1,0,1
549.6,1,0,1
549.8,0,0,1
550.0,0,0,1
550.2,0,0,1
550.4,0,0,1
550.6,0,0,1
550.8,1,0,1
551.0,1,0,1
551.2,1,0,1
551.4,1,0,1
551.6,1,0,1
551.8,0,0,1
552.0,0,0,1
552.2,0,0,1
552.4,0,0,1
552.6,0,0,1
552.8,0,0,1
553.0,0,0,1
553.2,1,0,1
553.4,1,0,1
553.6,1,0,1
553.8,1,0,1
554.0,1,0,1
554.2,0,0,1
554.4,0,0,1
554.6,1,0,1
554.8,0,0,1
555.0,0,0,1
555.2,0,0,1
555.4,1,0,1
555.6,0,0,1
555.8,0,0,1
556.0,0,0,1
556.2,0,0,1
556.4,0,0,1
556.6,0,0,1
556.8,0,0,1
557.0,1,0,1
557.2,1,0,1
557.4,1,0,1
557.6,0,0,1
557.8,1,0,1
558.0,1,0,1
558.2,1,0,1
558.4,0,0,1
558.6,1,0,1
558.8,1,0,1
559.0,1,0,1
559.2,1,0,1
559.4,1,0,1
559.6,1,0,1
559.8,1,0,1
560.0,1,0,1
560.2,1,0,1
560.4,1,0,1
560.6,1,0,1
560.8,1,0,1
561.0,1,0,1
561.2,1,0,1
561.4,-1,-1,0
561.6,-1,-1,0
561.8,-1,-1,0
562.0,-1,-1,0
562.2,1,0,1
562.4,1,0,1
562.6,1,0,1
562.8,1,0,1
563.0,1,0,1
563.2,1,0,1
563.4,0,0,1
563.6,1,0,1
563.8,1,0,1
564.0,0,0,1
564.2,0,0,1
564.4,1,0,1
564.6,1,0,1
564.8,1,0,1
565.0,1,0,1
565.2,1,0,1
565.4,0,0,1
565.6,1,0,1
565.8,1,0,1
566.0,1,0,1
566.2,1,0,1
566.4,1,0,1
566.6,1,0,1
566.8,0,0,1
567.0,1,0,1
567.2,1,0,1
567.4,1,0,1
567.6,0,0,1
567.8,1,0,1
568.0,1,0,1
568.2,1,0,1
568.4,1,0,1
568.6,1,0,1
568.8,1,0,1
569.0,1,0,1
569.2,1,0,1
569.4,1,0,1
569.6,1,0,1
569.8,1,0,1
570.0,-1,-1,0
570.2,-1,-1,0
570.4,1,0,1
570.6,1,0,1
570.8,-1,-1,0
571.0,-1,-1,0
571.2,-1,-1,0
571.4,-1,-1,0
571.6,-1,-1,0
571.8,-1,-1,0
572.0,-1,-1,0
572.2,-1,-1,0
572.4,-1,-1,0
572.6,1,0,1
572.8,1,0,1
573.0,1,0,1
573.2,1,0,1
573.4,1,0,1
573.6,1,0,1
573.8,1,0,1
574.0,-1,-1,0
574.2,-1,-1,0
574.4,-1,-1,0
574.6,-1,-1,0
574.8,-1,-1,0
575.0,-1,-1,0
575.2,0,0,1
575.4,1,0,1
575.6,1,0,1
575.8,1,0,1
576.0,1,0,1
576.2,1,0,1
576.4,1,0,1
576.6,-1,-1,0
576.8,-1,-1,0
577.0,-1,-1,0
577.2,-1,-1,0
577.4,-1,-1,0
577.6,-1,-1,0
577.8,-1,-1,0
578.0,-1,-1,0
578.2,-1,-1,0
578.4,-1,-1,0
578.6,1,0,1
578.8,1,0,1
579.0,-1,-1,0
579.2,-1,-1,0
579.4,-1,-1,0
579.6,-1,-1,0
579.8,-1,-1,0
580.0,-1,-1,0
580.2,-1,-1,0
580.4,-1,-1,0
580.6,-1,-1,0
580.8,-1,-1,0
581.0,-1,-1,0
581.2,-1,-1,0
581.4,-1,-1,0
581.6,-1,-1,0
581.8,-1,-1,0
582.0,-1,-1,0
582.2,-1,-1,0
582.4,-1,-1,0
582.6,-1,-1,0
582.8,-1,-1,0
583.0,-1,-1,0
583.2,-1,-1,0
583.4,1,0,1
583.6,1,0,1
583.8,-1,-1,0
584.0,-1,-1,0
584.2,-1,-1,0
584.4,-1,-1,0
584.6,-1,-1,0
584.8,-1,-1,0
585.0,-1,-1,0
585.2,-1,-1,0
585.4,1,0,1
585.6,1,0,1
585.8,-1,-1,0
586.0,-1,-1,0
586.2,-1,-1,0
586.4,-1,-1,0
586.6,-1,-1,0
586.8,-1,-1,0
587.0,-1,-1,0
587.2,-1,-1,0
587.4,-1,-1,0
587.6,1,0,1
587.8,1,0,1
588.0,-1,-1,0
588.2,1,0,1
588.4,1,0,1
588.6,1,0,1
588.8,1,0,1
589.0,1,0,1
589.2,1,0,1
589.4,1,0,1
589.6,1,0,1
589.8,1,0,1
590.0,1,0,1
590.2,1,0,1
590.4,1,0,1
590.6,1,0,1
590.8,1,0,1
591.0,1,0,1
591.2,1,0,1
591.4,1,0,1
591.6,1,0,1
591.8,1,0,1
592.0,-1,-1,0
592.2,-1,-1,0
592.4,-1,-1,0
592.6,-1,-1,0
592.8,-1,-1,0
593.0,-1,-1,0
593.2,-1,-1,0
593.4,-1,-1,0
593.6,-1,-1,0
593.8,-1,-1,0
594.0,-1,-1,0
594.2,-1,-1,0
594.4,-1,-1,0
594.6,-1,-1,0
594.8,-1,-1,0
595.0,-1,-1,0
595.2,-1,-1,0
595.4,-1,-1,0
595.6,-1,-1,0
595.8,-1,-1,0
596.0,-1,-1,0
596.2,-1,-1,0
596.4,-1,-1,0
596.6,-1,-1,0
596.8,-1,-1,0
597.0,-1,-1,0
597.2,-1,-1,0
597.4,-1,-1,0
597.6,-1,-1,0
597.8,-1,-1,0
598.0,-1,-1,0
598.2,-1,-1,0
598.4,-1,-1,0
598.6,-1,-1,0
598.8,-1,-1,0
599.0,-1,-1,0
599.2,-1,-1,0
599.4,-1,-1,0
599.6,-1,-1,0
599.8,-1,-1,0
600.0,-1,-1,0
600.2,-1,-1,0
600.4,-1,-1,0
600.6,-1,-1,0
600.8,-1,-1,0
601.0,-1,-1,0
601.2,-1,-1,0
601.4,-1,-1,0
601.6,-1,-1,0
601.8,-1,-1,0
602.0,-1,-1,0
602.2,-1,-1,0
602.4,-1,-1,0
602.6,-1,-1,0
602.8,-1,-1,0
603.0,-1,-1,0
603.2,-1,-1,0
603.4,-1,-1,0
603.6,-1,-1,0
603.8,-1,-1,0
604.0,-1,-1,0
604.2,-1,-1,0
604.4,-1,-1,0
604.6,-1,-1,0
604.8,-1,-1,0
605.0,-1,-1,0
605.2,-1,-1,0
605.4,-1,-1,0
605.6,-1,-1,0
605.8,-1,-1,0
606.0,-1,-1,0
606.2,-1,-1,0
606.4,-1,-1,0
606.6,-1,-1,0
606.8,-1,-1,0
607.0,-1,-1,0
607.2,-1,-1,0
607.4,-1,-1,0
607.6,-1,-1,0
607.8,-1,-1,0
608.0,-1,-1,0
608.2,-1,-1,0
608.4,-1,-1,0
608.6,-1,-1,0
608.8,-1,-1,0
609.0,-1,-1,0
609.2,-1,-1,0
609.4,-1,-1,0
609.6,-1,-1,0
609.8,-1,-1,0
610.0,-1,-1,0
610.2,-1,-1,0
610.4,-1,-1,0
610.6,-1,-1,0
610.8,-1,-1,0
611.0,-1,-1,0
611.2,-1,-1,0
611.4,-1,-1,0
611.6,-1,-1,0
611.8,-1,-1,0
612.0,-1,-1,0
612.2,-1,-1,0
612.4,-1,-1,0
612.6,-1,-1,0
612.8,-1,-1,0
613.0,-1,-1,0
613.2,-1,-1,0
613.4,-1,-1,0
613.6,-1,-1,0
613.8,1,0,1
614.0,0,0,1
614.2,0,0,1
614.4,0,0,1
614.6,1,0,1
614.8,1,0,1
615.0,1,0,1
615.2,1,0,1
615.4,1,0,1
615.6,1,0,1
615.8,1,0,1
616.0,0,0,1
616.2,0,0,1
616.4,0,0,1
616.6,0,0,1
616.8,0,0,1
617.0,1,0,1
617.2,1,0,1
617.4,1,0,1
617.6,1,0,1
617.8,1,0,1
618.0,1,0,1
618.2,1,0,1
618.4,1,0,1
618.6,0,0,1
618.8,0,0,1
619.0,0,0,1
619.2,0,0,1
619.4,0,0,1
619.6,1,0,1
619.8,1,0,1
620.0,1,0,1
620.2,1,0,1
620.4,1,0,1
620.6,1,0,1
620.8,1,0,1
621.0,1,0,1
621.2,1,0,1
621.4,0,0,1
621.6,0,0,1
621.8,0,0,1
622.0,0,0,1
622.2,0,0,1
622.4,0,0,1
622.6,0,0,1
622.8,0,0,1
623.0,0,0,1
623.2,0,0,1
623.4,0,0,1
623.6,0,0,1
623.8,0,0,1
624.0,0,0,1
624.2,0,0,1
624.4,0,0,1
624.6,0,0,1
624.8,0,0,1
625.0,0,0,1
625.2,0,0,1
625.4,0,0,1
625.6,0,0,1
625.8,0,0,1
626.0,0,0,1
626.2,0,0,1
626.4,0,0,1
626.6,0,0,1
626.8,0,0,1
627.0,0,0,1
627.2,0,0,1
627.4,0,0,1
627.6,0,0,1
627.8,0,0,1
628.0,0,0,1
628.2,0,0,1
628.4,0,0,1
628.6,0,0,1
628.8,0,0,1
629.0,-1,-1,0
629.2,0,0,1
629.4,0,0,1
629.6,0,0,1
629.8,0,0,1
630.0,0,0,1
630.2,0,0,1
630.4,0,0,1
630.6,0,0,1
630.8,0,0,1
631.0,0,0,1
631.2,0,0,1
631.4,0,0,1
631.6,0,0,1
631.8,0,0,1
632.0,0,0,1
632.2,-1,-1,0
632.4,0,0,1
632.6,0,0,1
632.8,0,0,1
633.0,0,0,1
633.2,0,0,1
633.4,0,0,1
633.6,0,0,1
633.8,0,0,1
634.0,-1,-1,0
634.2,-1,-1,0
634.4,0,0,1
634.6,0,0,1
634.8,0,0,1
635.0,0,0,1
635.2,-1,-1,0
635.4,0,0,1
635.6,0,0,1
635.8,0,0,1
636.0,0,0,1
636.2,0,0,1
636.4,0,0,1
636.6,0,0,1
636.8,0,0,1
637.0,0,0,1
637.2,0,0,1
637.4,0,0,1
637.6,0,0,1
637.8,0,0,1
638.0,0,0,1
638.2,0,0,1
638.4,0,0,1
638.6,0,0,1
638.8,0,0,1
639.0,0,0,1
639.2,0,0,1
639.4,0,0,1
639.6,0,0,1
639.8,0,0,1
640.0,0,0,1
640.2,0,0,1
640.4,0,0,1
640.6,0,0,1
640.8,0,0,1
641.0,0,0,1
641.2,0,0,1
641.4,0,0,1
641.6,0,0,1
641.8,1,0,1
642.0,1,0,1
642.2,1,0,1
642.4,1,0,1
642.6,1,0,1
642.8,1,0,1
643.0,1,0,1
643.2,1,0,1
643.4,0,0,1
643.6,0,0,1
643.8,0,0,1
644.0,0,0,1
644.2,1,0,1
644.4,0,0,1
644.6,0,0,1
644.8,0,0,1
645.0,0,0,1
645.2,0,0,1
645.4,-1,-1,0
645.6,1,0,1
645.8,1,0,1
646.0,1,0,1
646.2,-1,-1,0
646.4,-1,-1,0
646.6,1,0,1
646.8,-1,-1,0
647.0,-1,-1,0
647.2,-1,-1,0
647.4,1,0,1
647.6,1,0,1
647.8,1,0,1
648.0,1,0,1
648.2,1,0,1
648.4,1,0,1
648.6,1,0,1
648.8,1,0,1
649.0,1,0,1
649.2,1,0,1
649.4,1,0,1
649.6,1,0,1
649.8,-1,-1,0
650.0,-1,-1,0
650.2,-1,-1,0
650.4,-1,-1,0
650.6,-1,-1,0
650.8,-1,-1,0
651.0,1,0,1
651.2,1,0,1
651.4,1,0,1
651.6,1,0,1
651.8,1,0,1
652.0,1,0,1
652.2,1,0,1
652.4,1,0,1
652.6,1,0,1
652.8,1,0,1
653.0,0,0,1
653.2,0,0,1
653.4,0,0,1
653.6,0,0,1
653.8,1,0,1
654.0,0,0,1
654.2,0,0,1
654.4,1,0,1
654.6,0,0,1
654.8,1,0,1
655.0,-1,-1,0
655.2,-1,-1,0
655.4,0,0,1
655.6,1,0,1
655.8,1,0,1
656.0,1,0,1
656.2,1,0,1
656.4,0,0,1
656.6,1,0,1
656.8,1,0,1
657.0,1,0,1
657.2,1,0,1
657.4,1,0,1
657.6,1,0,1
657.8,1,0,1
658.0,1,0,1
658.2,1,0,1
658.4,1,0,1
658.6,1,0,1
658.8,0,0,1
659.0,0,0,1
659.2,1,0,1
659.4,1,0,1
659.6,-1,-1,0
659.8,0,0,1
660.0,-1,-1,0
660.2,-1,-1,0
660.4,-1,-1,0
660.6,-1,-1,0
660.8,-1,-1,0
661.0,-1,-1,0
661.2,-1,-1,0
661.4,-1,-1,0
661.6,1,0,1
661.8,1,0,1
662.0,1,0,1
662.2,1,0,1
662.4,-1,-1,0
662.6,-1,-1,0
662.8,-1,-1,0
663.0,-1,-1,0
663.2,-1,-1,0
663.4,-1,-1,0
663.6,-1,-1,0
663.8,-1,-1,0
664.0,1,0,1
664.2,1,0,1
664.4,1,0,1
664.6,1,0,1
664.8,1,0,1
665.0,-1,-1,0
665.2,-1,-1,0
665.4,-1,-1,0
665.6,-1,-1,0
665.8,-1,-1,0
666.0,-1,-1,0
666.2,-1,-1,0
666.4,-1,-1,0
666.6,1,0,1
666.8,1,0,1
667.0,-1,-1,0
667.2,-1,-1,0
667.4,-1,-1,0
667.6,-1,-1,0
667.8,-1,-1,0
668.0,1,0,1
668.2,-1,-1,0
668.4,-1,-1,0
668.6,0,0,1
668.8,0,0,1
669.0,1,0,1
669.2,1,0,1
669.4,1,0,1
669.6,1,0,1
669.8,1,0,1
670.0,1,0,1
670.2,1,0,1
670.4,-1,-1,0
670.6,1,0,1
670.8,1,0,1
671.0,1,0,1
671.2,1,0,1
671.4,1,0,1
671.6,1,0,1
671.8,1,0,1
672.0,1,0,1
672.2,1,0,1
672.4,1,0,1
672.6,1,0,1
672.8,1,0,1
673.0,1,0,1
673.2,1,0,1
673.4,0,0,1
673.6,0,0,1
673.8,1,0,1
674.0,0,0,1
674.2,0,0,1
674.4,1,0,1
674.6,0,0,1
674.8,0,0,1
675.0,0,0,1
675.2,1,0,1
675.4,0,0,1
675.6,0,0,1
675.8,0,0,1
676.0,0,0,1
676.2,0,0,1
676.4,0,0,1
676.6,0,0,1
676.8,0,0,1
677.0,0,0,1
677.2,0,0,1
677.4,0,0,1
677.6,0,0,1
677.8,0,0,1
678.0,0,0,1
678.2,0,0,1
678.4,0,0,1
678.6,0,0,1
678.8,0,0,1
679.0,0,0,1
679.2,0,0,1
679.4,0,0,1
679.6,0,0,1
679.8,0,0,1
680.0,0,0,1
680.2,0,0,1
680.4,0,0,1
680.6,0,0,1
680.8,0,0,1
681.0,0,0,1
681.2,0,0,1
681.4,0,0,1
681.6,0,0,1
681.8,0,0,1
682.0,0,0,1
682.2,0,0,1
682.4,0,0,1
682.6,0,0,1
682.8,0,0,1
683.0,0,0,1
683.2,0,0,1
683.4,0,0,1
683.6,0,0,1
683.8,0,0,1
684.0,0,0,1
684.2,0,0,1
684.4,0,0,1
684.6,0,0,1
684.8,0,0,1
685.0,1,0,1
685.2,1,0,1
685.4,1,0,1
685.6,1,0,1
685.8,1,0,1
686.0,1,0,1
686.2,-1,-1,0
686.4,-1,-1,0
686.6,1,0,1
686.8,1,0,1
687.0,1,0,1
687.2,1,0,1
687.4,1,0,1
687.6,1,0,1
687.8,1,0,1
688.0,-1,-1,0
688.2,-1,-1,0
688.4,-1,-1,0
688.6,1,0,1
688.8,1,0,1
689.0,-1,-1,0
689.2,-1,-1,0
689.4,-1,-1,0
689.6,-1,-1,0
689.8,-1,-1,0
690.0,-1,-1,0
690.2,-1,-1,0
690.4,-1,-1,0
690.6,-1,-1,0
690.8,-1,-1,0
691.0,-1,-1,0
691.2,-1,-1,0
691.4,-1,-1,0
691.6,-1,-1,0
691.8,-1,-1,0
692.0,-1,-1,0
692.2,-1,-1,0
692.4,-1,-1,0
692.6,-1,-1,0
692.8,-1,-1,0
693.0,-1,-1,0
693.2,-1,-1,0
693.4,-1,-1,0
693.6,-1,-1,0
693.8,-1,-1,0
694.0,-1,-1,0
694.2,-1,-1,0
694.4,-1,-1,0
694.6,-1,-1,0
694.8,-1,-1,0
695.0,-1,-1,0
695.2,-1,-1,0
695.4,-1,-1,0
695.6,-1,-1,0
695.8,-1,-1,0
696.0,-1,-1,0
696.2,-1,-1,0
696.4,-1,-1,0
696.6,-1,-1,0
696.8,-1,-1,0
697.0,-1,-1,0
697.2,-1,-1,0
697.4,-1,-1,0
697.6,-1,-1,0
697.8,-1,-1,0
698.0,-1,-1,0
698.2,-1,-1,0
698.4,-1,-1,0
698.6,-1,-1,0
698.8,-1,-1,0
699.0,-1,-1,0
699.2,-1,-1,0
699.4,-1,-1,0
699.6,-1,-1,0
699.8,-1,-1,0
700.0,-1,-1,0
700.2,-1,-1,0
700.4,-1,-1,0
700.6,-1,-1,0
700.8,-1,-1,0
701.0,-1,-1,0
701.2,-1,-1,0
701.4,-1,-1,0
701.6,-1,-1,0
701.8,-1,-1,0
702.0,-1,-1,0
702.2,1,0,1
702.4,1,0,1
702.6,1,0,1
702.8,1,0,1
703.0,1,0,1
703.2,1,0,1
703.4,0,0,1
703.6,1,0,1
703.8,1,0,1
704.0,1,0,1
704.2,0,0,1
704.4,0,0,1
704.6,0,0,1
704.8,0,0,1
705.0,0,0,1
705.2,-1,-1,0
705.4,1,0,1
705.6,1,0,1
705.8,0,0,1
706.0,1,0,1
706.2,1,0,1
706.4,-1,-1,0
706.6,-1,-1,0
706.8,1,0,1
707.0,1,0,1
707.2,1,0,1
707.4,1,0,1
707.6,1,0,1
707.8,1,0,1
708.0,1,0,1
708.2,1,0,1
708.4,1,0,1
708.6,-1,-1,0
708.8,-1,-1,0
709.0,1,0,1
709.2,-1,-1,0
709.4,-1,-1,0
709.6,-1,-1,0
709.8,-1,-1,0
710.0,-1,-1,0
710.2,1,0,1
710.4,1,0,1
710.6,-1,-1,0
710.8,1,0,1
711.0,-1,-1,0
711.2,1,0,1
711.4,-1,-1,0
711.6,-1,-1,0
711.8,-1,-1,0
712.0,-1,-1,0
712.2,-1,-1,0
712.4,-1,-1,0
712.6,-1,-1,0
712.8,-1,-1,0
713.0,-1,-1,0
713.2,-1,-1,0
713.4,-1,-1,0
713.6,-1,-1,0
713.8,-1,-1,0
714.0,-1,-1,0
714.2,-1,-1,0
714.4,-1,-1,0
714.6,-1,-1,0
714.8,-1,-1,0
715.0,-1,-1,0
715.2,-1,-1,0
715.4,-1,-1,0
715.6,1,0,1
715.8,-1,-1,0
716.0,-1,-1,0
716.2,-1,-1,0
716.4,-1,-1,0
716.6,-1,-1,0
716.8,-1,-1,0
717.0,-1,-1,0
717.2,-1,-1,0
717.4,-1,-1,0
717.6,-1,-1,0
717.8,-1,-1,0
718.0,-1,-1,0
718.2,1,0,1
718.4,1,0,1
718.6,1,0,1
718.8,-1,-1,0
719.0,-1,-1,0
719.2,-1,-1,0
719.4,-1,-1,0
719.6,-1,-1,0
719.8,1,0,1
720.0,-1,-1,0
720.2,-1,-1,0
720.4,-1,-1,0
720.6,-1,-1,0
720.8,-1,-1,0
721.0,-1,-1,0
721.2,-1,-1,0
721.4,-1,-1,0
721.6,-1,-1,0
721.8,-1,-1,0
722.0,-1,-1,0
722.2,-1,-1,0
722.4,-1,-1,0
722.6,-1,-1,0
722.8,-1,-1,0
723.0,-1,-1,0
723.2,1,0,1
723.4,1,0,1
723.6,1,0,1
723.8,1,0,1
724.0,1,0,1
724.2,1,0,1
724.4,1,0,1
724.6,1,0,1
724.8,1,0,1
725.0,1,0,1
725.2,1,0,1
725.4,1,0,1
725.6,-1,-1,0
725.8,-1,-1,0
726.0,-1,-1,0
726.2,-1,-1,0
726.4,-1,-1,0
726.6,-1,-1,0
726.8,-1,-1,0
727.0,-1,-1,0
727.2,-1,-1,0
727.4,-1,-1,0
727.6,-1,-1,0
727.8,-1,-1,0
728.0,-1,-1,0
728.2,-1,-1,0
728.4,-1,-1,0
728.6,-1,-1,0
728.8,-1,-1,0
729.0,-1,-1,0
729.2,-1,-1,0
729.4,-1,-1,0
729.6,-1,-1,0
729.8,-1,-1,0
730.0,-1,-1,0
730.2,-1,-1,0
730.4,-1,-1,0
730.6,-1,-1,0
730.8,-1,-1,0
731.0,-1,-1,0
731.2,-1,-1,0
731.4,-1,-1,0
731.6,-1,-1,0
731.8,-1,-1,0
732.0,-1,-1,0
732.2,-1,-1,0
732.4,-1,-1,0
732.6,-1,-1,0
732.8,-1,-1,0
733.0,-1,-1,0
733.2,-1,-1,0
733.4,-1,-1,0
733.6,-1,-1,0
733.8,-1,-1,0
734.0,-1,-1,0
734.2,-1,-1,0
734.4,-1,-1,0
734.6,-1,-1,0
734.8,-1,-1,0
735.0,-1,-1,0
735.2,-1,-1,0
735.4,-1,-1,0
735.6,-1,-1,0
735.8,-1,-1,0
736.0,-1,-1,0
736.2,-1,-1,0
736.4,-1,-1,0
736.6,-1,-1,0
736.8,-1,-1,0
737.0,-1,-1,0
737.2,-1,-1,0
737.4,-1,-1,0
737.6,-1,-1,0
737.8,-1,-1,0
738.0,-1,-1,0
738.2,-1,-1,0
738.4,-1,-1,0
738.6,-1,-1,0
738.8,-1,-1,0
739.0,-1,-1,0
739.2,-1,-1,0
739.4,-1,-1,0
739.6,-1,-1,0
739.8,-1,-1,0
740.0,-1,-1,0
740.2,-1,-1,0
740.4,-1,-1,0
740.6,-1,-1,0
740.8,-1,-1,0
741.0,-1,-1,0
741.2,-1,-1,0
741.4,-1,-1,0
741.6,-1,-1,0
741.8,-1,-1,0
742.0,1,0,1
742.2,-1,-1,0
742.4,-1,-1,0
742.6,-1,-1,0
742.8,-1,-1,0
743.0,-1,-1,0
743.2,-1,-1,0
743.4,-1,-1,0
743.6,-1,-1,0
743.8,-1,-1,0
744.0,-1,-1,0
744.2,-1,-1,0
744.4,-1,-1,0
744.6,-1,-1,0
744.8,-1,-1,0
745.0,-1,-1,0
745.2,-1,-1,0
745.4,-1,-1,0
745.6,-1,-1,0
745.8,1,0,1
746.0,1,0,1
746.2,1,0,1
746.4,1,0,1
746.6,1,0,1
746.8,1,0,1
747.0,1,0,1
747.2,1,0,1
747.4,1,0,1
747.6,1,0,1
747.8,1,0,1
748.0,1,0,1
748.2,1,0,1
748.4,1,0,1
748.6,1,0,1
748.8,1,0,1
749.0,1,0,1
749.2,1,0,1
749.4,1,0,1
749.6,1,0,1
749.8,1,0,1
750.0,1,0,1
750.2,1,0,1
750.4,1,0,1
750.6,1,0,1
750.8,1,0,1
751.0,1,0,1
751.2,1,0,1
751.4,1,0,1
751.6,1,0,1
751.8,1,0,1
752.0,1,0,1
752.2,1,0,1
752.4,1,0,1
752.6,1,0,1
752.8,1,0,1
753.0,-1,-1,0
753.2,-1,-1,0
753.4,-1,-1,0
753.6,-1,-1,0
753.8,-1,-1,0
754.0,-1,-1,0
754.2,-1,-1,0
754.4,-1,-1,0
754.6,-1,-1,0
754.8,-1,-1,0
755.0,-1,-1,0
755.2,-1,-1,0
755.4,-1,-1,0
755.6,-1,-1,0
755.8,-1,-1,0
756.0,1,0,1
756.2,1,0,1
756.4,1,0,1
756.6,1,0,1
756.8,1,0,1
757.0,1,0,1
757.2,1,0,1
757.4,-1,-1,0
757.6,-1,-1,0
757.8,-1,-1,0
758.0,1,0,1
758.2,1,0,1
758.4,1,0,1
758.6,1,0,1
758.8,1,0,1
759.0,1,0,1
759.2,1,0,1
759.4,1,0,1
759.6,1,0,1
759.8,1,0,1
760.0,1,0,1
760.2,1,0,1
760.4,1,0,1
760.6,-1,-1,0
760.8,-1,-1,0
761.0,-1,-1,0
761.2,-1,-1,0
761.4,-1,-1,0
761.6,-1,-1,0
761.8,-1,-1,0
762.0,-1,-1,0
762.2,1,0,1
762.4,1,0,1
762.6,1,0,1
762.8,1,0,1
763.0,1,0,1
763.2,1,0,1
763.4,1,0,1
763.6,1,0,1
763.8,1,0,1
764.0,1,0,1
764.2,1,0,1
764.4,1,0,1
764.6,1,0,1
764.8,1,0,1
765.0,1,0,1
765.2,1,0,1
765.4,1,0,1
765.6,-1,-1,0
765.8,1,0,1
766.0,1,0,1
766.2,1,0,1
766.4,1,0,1
766.6,1,0,1
766.8,1,0,1
767.0,1,0,1
767.2,1,0,1
767.4,1,0,1
767.6,1,0,1
767.8,1,0,1
768.0,1,0,1
768.2,1,0,1
768.4,1,0,1
768.6,1,0,1
768.8,1,0,1
769.0,1,0,1
769.2,1,0,1
769.4,1,0,1
769.6,0,0,1
769.8,1,0,1
770.0,1,0,1
770.2,1,0,1
770.4,1,0,1
770.6,1,0,1
770.8,0,0,1
771.0,0,0,1
771.2,0,0,1
771.4,0,0,1
771.6,0,0,1
771.8,1,0,1
772.0,0,0,1
772.2,1,0,1
772.4,1,0,1
772.6,-1,-1,0
772.8,1,0,1
773.0,1,0,1
773.2,1,0,1
773.4,1,0,1
773.6,1,0,1
773.8,-1,-1,0
774.0,-1,-1,0
774.2,1,0,1
774.4,-1,-1,0
774.6,-1,-1,0
774.8,1,0,1
775.0,-1,-1,0
775.2,-1,-1,0
775.4,-1,-1,0
775.6,-1,-1,0
775.8,-1,-1,0
776.0,-1,-1,0
776.2,-1,-1,0
776.4,-1,-1,0
776.6,-1,-1,0
776.8,-1,-1,0
777.0,-1,-1,0
777.2,-1,-1,0
777.4,-1,-1,0
777.6,-1,-1,0
777.8,-1,-1,0
778.0,-1,-1,0
778.2,1,0,1
778.4,1,0,1
778.6,1,0,1
778.8,-1,-1,0
779.0,-1,-1,0
779.2,-1,-1,0
779.4,-1,-1,0
779.6,-1,-1,0
779.8,1,0,1
780.0,1,0,1
780.2,1,0,1
780.4,1,0,1
780.6,1,0,1
780.8,1,0,1
781.0,1,0,1
781.2,1,0,1
781.4,1,0,1
781.6,1,0,1
781.8,-1,-1,0
782.0,-1,-1,0
782.2,-1,-1,0
782.4,-1,-1,0
782.6,-1,-1,0
782.8,1,0,1
783.0,1,0,1
783.2,0,0,1
783.4,-1,-1,0
783.6,-1,-1,0
783.8,-1,-1,0
784.0,-1,-1,0
784.2,-1,-1,0
784.4,-1,-1,0
784.6,-1,-1,0
784.8,-1,-1,0
785.0,-1,-1,0
785.2,-1,-1,0
785.4,-1,-1,0
785.6,-1,-1,0
785.8,-1,-1,0
786.0,-1,-1,0
786.2,-1,-1,0
786.4,-1,-1,0
786.6,-1,-1,0
786.8,-1,-1,0
787.0,1,0,1
787.2,0,0,1
787.4,0,0,1
787.6,1,0,1
787.8,1,0,1
788.0,1,0,1
788.2,1,0,1
788.4,1,0,1
788.6,1,0,1
788.8,1,0,1
789.0,1,0,1
789.2,1,0,1
789.4,1,0,1
789.6,1,0,1
789.8,1,0,1
790.0,1,0,1
790.2,1,0,1
790.4,1,0,1
790.6,1,0,1
790.8,1,0,1
791.0,1,0,1
791.2,1,0,1
791.4,1,0,1
791.6,1,0,1
791.8,1,0,1
792.0,1,0,1
792.2,1,0,1
792.4,1,0,1
792.6,1,0,1
792.8,1,0,1
793.0,1,0,1
793.2,1,0,1
793.4,1,0,1
793.6,1,0,1
793.8,1,0,1
794.0,1,0,1
794.2,0,0,1
794.4,0,0,1
794.6,0,0,1
794.8,0,0,1
795.0,1,0,1
795.2,1,0,1
795.4,1,0,1
795.6,1,0,1
795.8,1,0,1
796.0,1,0,1
796.2,1,0,1
796.4,1,0,1
796.6,1,0,1
796.8,1,0,1
797.0,1,0,1
797.2,1,0,1
797.4,-1,-1,0
797.6,-1,-1,0
797.8,-1,-1,0
798.0,-1,-1,0
798.2,-1,-1,0
798.4,-1,-1,0
798.6,-1,-1,0
798.8,-1,-1,0
799.0,-1,-1,0
799.2,-1,-1,0
799.4,-1,-1,0
799.6,-1,-1,0
799.8,-1,-1,0
800.0,1,0,1
800.2,-1,-1,0
800.4,1,0,1
800.6,1,0,1
800.8,1,0,1
801.0,1,0,1
801.2,1,0,1
801.4,1,0,1
801.6,1,0,1
801.8,1,0,1
802.0,1,0,1
802.2,1,0,1
802.4,1,0,1
802.6,1,0,1
802.8,1,0,1
803.0,1,0,1
803.2,1,0,1
803.4,1,0,1
803.6,1,0,1
803.8,1,0,1
804.0,0,0,1
804.2,0,0,1
804.4,-1,-1,0
804.6,-1,-1,0
804.8,-1,-1,0
805.0,-1,-1,0
805.2,-1,-1,0
805.4,-1,-1,0
805.6,-1,-1,0
805.8,-1,-1,0
806.0,-1,-1,0
806.2,-1,-1,0
806.4,-1,-1,0
806.6,0,0,1
806.8,-1,-1,0
807.0,-1,-1,0
807.2,-1,-1,0
807.4,-1,-1,0
807.6,-1,-1,0
807.8,-1,-1,0
808.0,-1,-1,0
808.2,-1,-1,0
808.4,-1,-1,0
808.6,-1,-1,0
808.8,-1,-1,0
809.0,-1,-1,0
809.2,-1,-1,0
809.4,-1,-1,0
809.6,-1,-1,0
809.8,-1,-1,0
810.0,-1,-1,0
810.2,-1,-1,0
810.4,-1,-1,0
810.6,-1,-1,0
810.8,-1,-1,0
811.0,-1,-1,0
811.2,-1,-1,0
811.4,-1,-1,0
811.6,-1,-1,0
811.8,-1,-1,0
812.0,-1,-1,0
812.2,-1,-1,0
812.4,-1,-1,0
812.6,-1,-1,0
812.8,-1,-1,0
813.0,-1,-1,0
813.2,-1,-1,0
813.4,-1,-1,0
813.6,0,0,1
813.8,1,0,1
814.0,1,0,1
814.2,1,0,1
814.4,1,0,1
814.6,1,0,1
814.8,1,0,1
815.0,1,0,1
815.2,1,0,1
815.4,1,0,1
815.6,1,0,1
815.8,1,0,1
816.0,1,0,1
816.2,1,0,1
816.4,1,0,1
816.6,1,0,1
816.8,1,0,1
817.0,1,0,1
817.2,1,0,1
817.4,1,0,1
817.6,1,0,1
817.8,1,0,1
818.0,1,0,1
818.2,1,0,1
818.4,1,0,1
818.6,-1,-1,0
818.8,-1,-1,0
819.0,-1,-1,0
819.2,-1,-1,0
819.4,-1,-1,0
819.6,-1,-1,0
819.8,-1,-1,0
820.0,-1,-1,0
820.2,-1,-1,0
820.4,-1,-1,0
820.6,-1,-1,0
820.8,-1,-1,0
821.0,-1,-1,0
821.2,-1,-1,0
821.4,-1,-1,0
821.6,1,0,1
821.8,-1,-1,0
822.0,-1,-1,0
822.2,-1,-1,0
822.4,1,0,1
822.6,1,0,1
822.8,1,0,1
823.0,0,0,1
823.2,0,0,1
823.4,0,0,1
823.6,0,0,1
823.8,-1,-1,0
824.0,-1,-1,0
824.2,1,0,1
824.4,1,0,1
824.6,1,0,1
824.8,1,0,1
825.0,0,0,1
825.2,0,0,1
825.4,-1,-1,0
825.6,-1,-1,0
825.8,-1,-1,0
826.0,-1,-1,0
826.2,-1,-1,0
826.4,-1,-1,0
826.6,-1,-1,0
826.8,-1,-1,0
827.0,1,0,1
827.2,-1,-1,0
827.4,-1,-1,0
827.6,-1,-1,0
827.8,-1,-1,0
828.0,-1,-1,0
828.2,-1,-1,0
828.4,-1,-1,0
828.6,-1,-1,0
828.8,-1,-1,0
829.0,-1,-1,0
829.2,-1,-1,0
829.4,-1,-1,0
829.6,-1,-1,0
829.8,-1,-1,0
830.0,-1,-1,0
830.2,-1,-1,0
830.4,-1,-1,0
830.6,-1,-1,0
830.8,-1,-1,0
831.0,-1,-1,0
831.2,-1,-1,0
831.4,-1,-1,0
831.6,-1,-1,0
831.8,-1,-1,0
832.0,-1,-1,0
832.2,-1,-1,0
832.4,-1,-1,0
832.6,-1,-1,0
832.8,-1,-1,0
833.0,-1,-1,0
833.2,-1,-1,0
833.4,-1,-1,0
833.6,-1,-1,0
833.8,-1,-1,0
834.0,-1,-1,0
834.2,-1,-1,0
834.4,-1,-1,0
834.6,-1,-1,0
834.8,1,0,1
835.0,1,0,1
835.2,1,0,1
835.4,1,0,1
835.6,1,0,1
835.8,1,0,1
836.0,1,0,1
836.2,-1,-1,0
836.4,-1,-1,0
836.6,-1,-1,0
836.8,-1,-1,0
837.0,-1,-1,0
837.2,-1,-1,0
837.4,-1,-1,0
837.6,-1,-1,0
837.8,-1,-1,0
838.0,-1,-1,0
838.2,-1,-1,0
838.4,-1,-1,0
838.6,-1,-1,0
838.8,-1,-1,0
839.0,-1,-1,0
839.2,-1,-1,0
839.4,-1,-1,0
839.6,-1,-1,0
839.8,-1,-1,0
840.0,-1,-1,0
840.2,-1,-1,0
840.4,-1,-1,0
840.6,-1,-1,0
840.8,-1,-1,0
841.0,-1,-1,0
841.2,-1,-1,0
841.4,-1,-1,0
841.6,-1,-1,0
841.8,-1,-1,0
842.0,-1,-1,0
842.2,-1,-1,0
842.4,-1,-1,0
842.6,-1,-1,0
842.8,-1,-1,0
843.0,-1,-1,0
843.2,-1,-1,0
843.4,-1,-1,0
843.6,-1,-1,0
843.8,-1,-1,0
844.0,-1,-1,0
844.2,-1,-1,0
844.4,-1,-1,0
844.6,-1,-1,0
844.8,-1,-1,0
845.0,-1,-1,0
845.2,-1,-1,0
845.4,-1,-1,0
845.6,-1,-1,0
845.8,-1,-1,0
846.0,-1,-1,0
846.2,-1,-1,0
846.4,-1,-1,0
846.6,-1,-1,0
846.8,-1,-1,0
847.0,-1,-1,0
847.2,-1,-1,0
847.4,-1,-1,0
847.6,-1,-1,0
847.8,-1,-1,0
848.0,-1,-1,0
848.2,-1,-1,0
848.4,-1,-1,0
848.6,-1,-1,0
848.8,-1,-1,0
849.0,-1,-1,0
849.2,-1,-1,0
849.4,-1,-1,0
849.6,-1,-1,0
849.8,-1,-1,0
850.0,-1,-1,0
850.2,-1,-1,0
850.4,-1,-1,0
850.6,-1,-1,0
850.8,-1,-1,0
851.0,-1,-1,0
851.2,-1,-1,0
851.4,-1,-1,0
851.6,-1,-1,0
851.8,-1,-1,0
852.0,-1,-1,0
852.2,-1,-1,0
852.4,-1,-1,0
852.6,-1,-1,0
852.8,-1,-1,0
853.0,-1,-1,0
853.2,-1,-1,0
853.4,-1,-1,0
853.6,-1,-1,0
853.8,-1,-1,0
854.0,1,0,1
854.2,-1,-1,0
854.4,-1,-1,0
854.6,-1,-1,0
854.8,-1,-1,0
855.0,-1,-1,0
855.2,-1,-1,0
855.4,-1,-1,0
855.6,-1,-1,0
855.8,-1,-1,0
856.0,-1,-1,0
856.2,-1,-1,0
856.4,-1,-1,0
856.6,-1,-1,0
856.8,-1,-1,0
857.0,-1,-1,0
857.2,1,0,1
857.4,1,0,1
857.6,1,0,1
857.8,1,0,1
858.0,1,0,1
858.2,1,0,1
858.4,1,0,1
858.6,1,0,1
858.8,1,0,1
859.0,1,0,1
859.2,1,0,1
859.4,1,0,1
859.6,1,0,1
859.8,-1,-1,0
860.0,-1,-1,0
860.2,1,0,1
860.4,1,0,1
860.6,1,0,1
860.8,1,0,1
861.0,1,0,1
861.2,1,0,1
861.4,1,0,1
861.6,1,0,1
861.8,1,0,1
862.0,1,0,1
862.2,1,0,1
862.4,0,0,1
862.6,0,0,1
862.8,0,0,1
863.0,0,0,1
863.2,1,0,1
863.4,1,0,1
863.6,1,0,1
863.8,1,0,1
864.0,1,0,1
864.2,1,0,1
864.4,1,0,1
864.6,0,0,1
864.8,0,0,1
865.0,0,0,1
865.2,0,0,1
865.4,0,0,1
865.6,0,0,1
865.8,0,0,1
866.0,0,0,1
866.2,0,0,1
866.4,0,0,1
866.6,0,0,1
866.8,0,0,1
867.0,0,0,1
867.2,0,0,1
867.4,0,0,1
867.6,0,0,1
867.8,0,0,1
868.0,0,0,1
868.2,0,0,1
868.4,0,0,1
868.6,0,0,1
868.8,0,0,1
869.0,0,0,1
869.2,0,0,1
869.4,0,0,1
869.6,0,0,1
869.8,0,0,1
870.0,0,0,1
870.2,0,0,1
870.4,0,0,1
870.6,0,0,1
870.8,0,0,1
871.0,0,0,1
871.2,0,0,1
871.4,0,0,1
871.6,0,0,1
871.8,0,0,1
872.0,0,0,1
872.2,0,0,1
872.4,0,0,1
872.6,0,0,1
872.8,0,0,1
873.0,0,0,1
873.2,0,0,1
873.4,0,0,1
873.6,0,0,1
873.8,0,0,1
874.0,0,0,1
874.2,0,0,1
874.4,0,0,1
874.6,0,0,1
874.8,0,0,1
875.0,0,0,1
875.2,0,0,1
875.4,0,0,1
875.6,0,0,1
875.8,-1,-1,0
876.0,-1,-1,0
876.2,0,0,1
876.4,1,0,1
876.6,0,0,1
876.8,1,0,1
877.0,1,0,1
877.2,0,0,1
877.4,0,0,1
877.6,0,0,1
877.8,0,0,1
878.0,0,0,1
878.2,0,0,1
878.4,0,0,1
878.6,0,0,1
878.8,0,0,1
879.0,0,0,1
879.2,0,0,1
879.4,0,0,1
879.6,0,0,1
879.8,0,0,1
880.0,0,0,1
880.2,1,0,1
880.4,0,0,1
880.6,1,0,1
880.8,1,0,1
881.0,0,0,1
881.2,0,0,1
881.4,0,0,1
881.6,0,0,1
881.8,0,0,1
882.0,0,0,1
882.2,0,0,1
882.4,0,0,1
882.6,0,0,1
882.8,0,0,1
883.0,0,0,1
883.2,0,0,1
883.4,0,0,1
883.6,0,0,1
883.8,0,0,1
884.0,1,0,1
884.2,1,0,1
884.4,1,0,1
884.6,1,0,1
884.8,1,0,1
885.0,1,0,1
885.2,1,0,1
885.4,1,0,1
885.6,1,0,1
885.8,1,0,1
886.0,1,0,1
886.2,1,0,1
886.4,1,0,1
886.6,1,0,1
886.8,1,0,1
887.0,-1,-1,0
887.2,-1,-1,0
887.4,-1,-1,0
887.6,-1,-1,0
887.8,-1,-1,0
888.0,-1,-1,0
888.2,1,0,1
888.4,-1,-1,0
888.6,1,0,1
888.8,-1,-1,0
889.0,1,0,1
889.2,-1,-1,0
889.4,-1,-1,0
889.6,-1,-1,0
889.8,-1,-1,0
890.0,1,0,1
890.2,-1,-1,0
890.4,-1,-1,0
890.6,-1,-1,0
890.8,-1,-1,0
891.0,-1,-1,0
891.2,-1,-1,0
891.4,-1,-1,0
891.6,-1,-1,0
891.8,-1,-1,0
892.0,-1,-1,0
892.2,-1,-1,0
892.4,-1,-1,0
892.6,-1,-1,0
892.8,-1,-1,0
893.0,-1,-1,0
893.2,-1,-1,0
893.4,-1,-1,0
893.6,-1,-1,0
893.8,-1,-1,0
894.0,-1,-1,0
894.2,-1,-1,0
894.4,-1,-1,0
894.6,-1,-1,0
894.8,-1,-1,0
895.0,-1,-1,0
895.2,-1,-1,0
895.4,-1,-1,0
895.6,-1,-1,0
895.8,-1,-1,0
896.0,-1,-1,0
896.2,-1,-1,0
896.4,-1,-1,0
896.6,-1,-1,0
896.8,-1,-1,0
897.0,1,0,1
897.2,1,0,1
897.4,-1,-1,0
897.6,-1,-1,0
897.8,1,0,1
898.0,1,0,1
898.2,1,0,1
898.4,1,0,1
898.6,1,0,1
898.8,1,0,1
899.0,1,0,1
899.2,1,0,1
899.4,1,0,1
899.6,1,0,1
