day,hour,place,event,value,NVA,VA,OUT,filename,productivity,VA_min,VA_max,lower_q,upper_q,VA_median,hour_box
22/01/2020,06:00,takto 8,-,0.0,0.0,0.0,0.0,8_2020012206,0.02892208757600376,0.0,0.2348330054906538,0.0015228596702069517,0.19921419930228979,0.007087175378896419,06:00
22/01/2020,06:00,takto 8,OUT,0.9197921082365013,0.0,0.0,0.9197921082365013,8_2020012206,0.03004220123306047,1.087162652466192e-05,0.21977559405464067,0.0023615346030517316,0.18028419690258585,0.009679544223712477,06:15
22/01/2020,06:00,takto 8,VA,0.032268012105032357,0.0,0.032268012105032357,0.0,8_2020012206,0.03418988265157293,8.482625506231687e-05,0.2598596815895971,0.002994707822178561,0.2132425396047961,0.012061788087174265,06:30
22/01/2020,06:00,takto 8,VNA,0.04793987965847125,0.04793987965847125,0.0,0.0,8_2020012206,0.03591787695949224,5.241918861607004e-05,0.27479196604308465,0.0030763801621585965,0.22548845445879995,0.012553702151672005,06:45
22/01/2020,07:00,takto 8,-,0.0,0.0,0.0,0.0,8_2020012207,0.00016686680170523586,0.0,0.00985946480946353,5.632374235013991e-06,0.009704636202020799,3.0563183003159906e-05,07:00
22/01/2020,07:00,takto 8,OUT,0.9995457087061892,0.0,0.0,0.9995457087061892,8_2020012207,0.00016649290125796788,2.375904482449659e-08,0.009580084323874983,9.320544196813762e-06,0.009412950827515297,4.017339336914777e-05,07:15
22/01/2020,07:00,takto 8,VA,0.00018381802249618236,0.0,0.00018381802249618236,0.0,8_2020012207,0.00019808161101066157,1.0355171599878567e-07,0.006600198609758433,1.2213078925616173e-05,0.006396754582379477,5.143404277848084e-05,07:30
22/01/2020,07:00,takto 8,VNA,0.00027047327131500163,0.00027047327131500163,0.0,0.0,8_2020012207,0.00020383077601086424,1.2852487225340137e-07,0.00822028273084443,1.2421079294136598e-05,0.008008877553030782,5.213631236524022e-05,07:45
22/01/2020,08:00,takto 8,-,0.0,0.0,0.0,0.0,8_2020012208,9.442241732229709e-07,0.0,5.772002802235211e-05,2.057969987209333e-08,5.7060572453455684e-05,1.2646799698779413e-07,08:00
22/01/2020,08:00,takto 8,OUT,0.9999974180814536,0.0,0.0,0.9999974180814536,8_2020012208,9.433454865731386e-07,3.8964776129307114e-11,8.053543133797468e-05,3.645319214971689e-08,7.981362220148587e-05,1.6404137559615957e-07,08:15
22/01/2020,08:00,takto 8,VA,1.0427814068674654e-06,0.0,1.0427814068674654e-06,0.0,8_2020012208,1.1484342215189708e-06,1.617830033665709e-10,8.149983345740662e-05,4.695797005280859e-08,8.058813507635943e-05,2.1205007724542034e-07,08:30
22/01/2020,08:00,takto 8,VNA,1.5391371394319668e-06,1.5391371394319668e-06,0.0,0.0,8_2020012208,1.135121746154781e-06,1.1366860944894168e-10,0.00010440456730082329,4.722659144135258e-08,0.00010346326902484063,2.1415032191692314e-07,08:45
22/01/2020,09:00,takto 8,-,0.0,0.0,0.0,0.0,8_2020012209,5.362849392766314e-09,0.0,8.382662831410988e-07,7.427412192912784e-11,8.353881766395369e-07,5.158534617913181e-10,09:00
22/01/2020,09:00,takto 8,OUT,0.9999999854200015,0.0,0.0,0.9999999854200015,8_2020012209,5.1806562798495244e-09,1.0370812317759344e-13,8.576633650771974e-07,1.3737592050450086e-10,8.544445971088219e-07,6.834572174510668e-10,09:15
22/01/2020,09:00,takto 8,VA,5.771466750914268e-09,0.0,5.771466750914268e-09,0.0,8_2020012209,6.109443808150074e-09,3.4005970670175325e-13,1.0660992099968282e-06,1.8543430824222762e-10,1.062005834582145e-06,8.869350098366134e-10,09:30
22/01/2020,09:00,takto 8,VNA,8.808533451966517e-09,8.808533451966517e-09,0.0,0.0,8_2020012209,6.432917522891159e-09,2.4339389157729083e-13,6.399042462101162e-07,1.7736341962286476e-10,6.359324527284847e-07,8.634419810394547e-10,09:45
22/01/2020,10:00,takto 8,-,0.0,0.0,0.0,0.0,8_2020012210,2.7955614186605882e-11,0.0,3.546988478097823e-09,2.913932246768193e-13,3.5342837452438776e-09,2.070616532626798e-12,10:00
22/01/2020,10:00,takto 8,OUT,0.9999999999184429,0.0,0.0,0.9999999999184429,8_2020012210,2.903619904646648e-11,2.325962473542946e-16,4.281936929642984e-09,5.174680419428753e-13,4.267558587122438e-09,2.7846689017574606e-12,10:15
22/01/2020,10:00,takto 8,VA,3.161040473008347e-11,0.0,3.161040473008347e-11,0.0,8_2020012210,3.2750653450178513e-11,4.534917606036632e-16,1.939691589287652e-08,7.293707191555914e-13,1.9378554660929126e-08,3.736763786744698e-12,10:30
22/01/2020,10:00,takto 8,VNA,5.0021992472401787e-11,5.0021992472401787e-11,0.0,0.0,8_2020012210,3.6699152237083006e-11,3.4084082597011115e-16,7.617744553962322e-09,6.64415857764938e-13,7.600271180781448e-09,3.477355646123136e-12,10:45
22/01/2020,11:00,takto 8,-,0.0,0.0,0.0,0.0,8_2020012211,1.6354506912887492e-13,0.0,3.601531360009691e-11,1.1039721166102013e-15,3.5956832987726894e-11,8.85246573236256e-15,11:00
22/01/2020,11:00,takto 8,OUT,0.9999999999996079,0.0,0.0,0.9999999999996079,8_2020012211,1.5935180055069812e-13,8.320213911796097e-19,6.158434828857873e-11,2.0386083764122836e-15,6.152138815736589e-11,1.1427472886932595e-14,11:15
22/01/2020,11:00,takto 8,VA,1.7665647491861213e-13,0.0,1.7665647491861213e-13,0.0,8_2020012211,1.8327692274477187e-13,9.037197373140106e-19,4.852831651250709e-11,2.7988755123558537e-15,4.8446097736310015e-11,1.5511426971042014e-14,11:30
22/01/2020,11:00,takto 8,VNA,2.773081528523192e-13,2.773081528523192e-13,0.0,0.0,8_2020012211,2.0045210725010357e-13,4.902231712251731e-19,7.191143009713546e-11,2.651243596651638e-15,7.183230221507454e-11,1.484596291957532e-14,11:45
22/01/2020,12:00,takto 8,-,0.0,0.0,0.0,0.0,8_2020012212,9.290631708406204e-16,0.0,2.506363843463636e-13,4.10471433913656e-18,2.5037846212773844e-13,3.602334000378877e-17,12:00
22/01/2020,12:00,takto 8,OUT,0.9999999999999994,0.0,0.0,0.9999999999999994,8_2020012212,8.500454902460873e-16,1.7154923230845378e-21,2.2144666951186546e-13,7.70212299711005e-18,2.2116351809480096e-13,4.7030387167366434e-17,12:15
22/01/2020,12:00,takto 8,VA,9.938694768583934e-16,0.0,9.938694768583934e-16,0.0,8_2020012212,1.0205313073994263e-15,3.8573555894385134e-21,3.4659481114602155e-13,1.0511072533264603e-17,3.4622700165858757e-13,6.410083972676688e-17,12:30
22/01/2020,12:00,takto 8,VNA,1.5838151270305523e-15,1.5838151270305523e-15,0.0,0.0,8_2020012212,1.1758379389474396e-15,6.640562065993724e-21,3.441485380251832e-13,1.0221324092284365e-17,3.437885862366066e-13,6.147094085746715e-17,12:45
22/01/2020,13:00,takto 8,-,0.0,0.0,0.0,0.0,8_2020012213,4.735330092242023e-18,0.0,2.8076212449453712e-15,1.550372029205825e-20,2.8065157520305344e-15,1.4409467289972246e-19,13:00
22/01/2020,13:00,takto 8,OUT,1.0,0.0,0.0,1.0,8_2020012213,5.106261480004723e-18,6.369112980025513e-24,3.5005083398879483e-15,2.91138771267869e-20,3.4992541450931833e-15,1.940209561622844e-19,13:15
22/01/2020,13:00,takto 8,VA,5.422710459507048e-18,0.0,5.422710459507048e-18,0.0,8_2020012213,5.3611832182620424e-18,1.549550276187372e-23,2.014694324296158e-15,4.095589092346192e-20,2.013052305312814e-15,2.603332805910326e-19,13:30
22/01/2020,13:00,takto 8,VNA,8.536072624071203e-18,8.536072624071203e-18,0.0,0.0,8_2020012213,6.4880670475194e-18,1.6204620856357926e-23,5.114670590921122e-15,3.876377230501003e-20,5.113101724447729e-15,2.4697431485105928e-19,13:45
22/01/2020,14:00,takto 8,-,0.0,0.0,0.0,0.0,8_2020012214,2.500974434798384e-20,0.0,1.2173836887790885e-17,6.102854860737003e-23,1.2169113401625775e-17,5.900232339284329e-22,14:00
22/01/2020,14:00,takto 8,OUT,1.0,0.0,0.0,1.0,8_2020012214,3.50063805516678e-20,1.9431661352377623e-26,3.2652155589208165e-17,1.1394320790460117e-22,3.264634656378554e-17,8.3116922332398e-22,14:15
22/01/2020,14:00,takto 8,VA,3.0356321935881666e-20,0.0,3.0356321935881666e-20,0.0,8_2020012214,3.0249654295082804e-20,5.0238392231988247e-26,1.127035408458018e-17,1.6127845624375073e-22,1.1263267898090159e-17,1.0785005196284461e-21,14:30
22/01/2020,14:00,takto 8,VNA,4.9236557879391606e-20,4.9236557879391606e-20,0.0,0.0,8_2020012214,3.115950854879222e-20,4.916025602317995e-26,1.714162868485845e-17,1.4725310544630295e-22,1.7134774020389003e-17,1.0245190649504303e-21,14:45
22/01/2020,15:00,takto 8,-,0.0,0.0,0.0,0.0,8_2020012215,1.374864799030207e-22,0.0,7.561313187162893e-20,2.3926470531085524e-25,7.559154923313087e-20,2.4913944318096935e-24,15:00
22/01/2020,15:00,takto 8,OUT,1.0,0.0,0.0,1.0,8_2020012215,2.1774159672635674e-22,4.973193138089395e-29,2.332490795817885e-19,4.4762280128798665e-25,2.3322343549061687e-19,3.467071094248707e-24,15:15
22/01/2020,15:00,takto 8,VA,1.7611659811366576e-22,0.0,1.7611659811366576e-22,0.0,8_2020012215,1.793147881586569e-22,1.2828397367867252e-28,9.994373428639848e-20,6.30133598475966e-25,9.991245561487993e-20,4.4916150157628855e-24,15:30
22/01/2020,15:00,takto 8,VNA,2.7110314942997633e-22,2.7110314942997633e-22,0.0,0.0,8_2020012215,1.699235276666287e-22,8.408252598220084e-29,9.246312621326501e-20,5.65447052555385e-25,9.243276132446816e-20,4.083601557273525e-24,15:45
22/01/2020,16:00,takto 8,-,0.0,0.0,0.0,0.0,8_2020012216,7.426756945058392e-25,0.0,4.1302455675617864e-22,8.832720710972439e-28,4.129290352170901e-22,1.0183044948083764e-26,16:00
22/01/2020,16:00,takto 8,OUT,1.0,0.0,0.0,1.0,8_2020012216,1.5309511469966363e-24,4.3442000418026394e-32,3.842978430655111e-21,1.7660568474979605e-27,3.842861457198018e-21,1.4633784635083963e-26,16:15
22/01/2020,16:00,takto 8,VA,1.064903272328509e-24,0.0,1.064903272328509e-24,0.0,8_2020012216,9.718664848639178e-25,4.452765125455348e-31,8.259749907476982e-22,2.3944277487170323e-27,8.258349299499184e-22,1.8716308422085615e-26,16:30
22/01/2020,16:00,takto 8,VNA,1.4309915114939588e-24,1.4309915114939588e-24,0.0,0.0,8_2020012216,1.0141197629476428e-24,3.8935600998005176e-31,1.520671488079873e-21,2.2387371877832565e-27,1.5205399035573004e-21,1.7072004430632794e-26,16:45
22/01/2020,06:00,takto 9,-,0.0,0.0,0.0,0.0,9_2020012206,0.019963991431898337,0.0,0.2881116614245884,0.0016107919459411697,0.26155882009435977,0.006654598411523588,06:00
22/01/2020,06:00,takto 9,OUT,0.9352281695715158,0.0,0.0,0.9352281695715158,9_2020012206,0.016981653265975605,2.072095846631221e-05,0.15519946040555985,0.0013870660327539488,0.13276460610508262,0.005628480109286731,06:15
22/01/2020,06:00,takto 9,VA,0.017410336379398404,0.0,0.017410336379398404,0.0,9_2020012206,0.01595694321726546,1.6443577939723952e-05,0.13174687371349691,0.0013249530783499156,0.11056277007021384,0.005403879558527987,06:30
22/01/2020,06:00,takto 9,VNA,0.04736149404908435,0.04736149404908435,0.0,0.0,9_2020012206,0.01673875760245422,2.7953324190816558e-05,0.14132439600134183,0.0014062853027368815,0.11883326636375899,0.005739771824120726,06:45
22/01/2020,07:00,takto 9,-,0.0,0.0,0.0,0.0,9_2020012207,0.0001125620665948773,0.0,0.004475389272952678,6.366799823095803e-06,0.004364720414423417,2.733901212980335e-05,07:00
22/01/2020,07:00,takto 9,OUT,0.999633275717237,0.0,0.0,0.999633275717237,9_2020012207,9.312843828117514e-05,3.595471665168069e-08,0.003734915746433298,5.54010182768923e-06,0.0036397357306214195,2.346863832179856e-05,07:15
22/01/2020,07:00,takto 9,VA,9.796111729716924e-05,0.0,9.796111729716924e-05,0.0,9_2020012207,9.043675950571365e-05,2.6837181532393287e-08,0.005281685541377524,5.381469536351853e-06,0.005190558828645468,2.269867543309056e-05,07:30
22/01/2020,07:00,takto 9,VNA,0.0002687631654646782,0.0002687631654646782,0.0,0.0,9_2020012207,9.571720480691087e-05,4.124667676618107e-08,0.003051777252369614,5.650264040772878e-06,0.002954996971328534,2.408177619855121e-05,07:45
22/01/2020,08:00,takto 9,-,0.0,0.0,0.0,0.0,9_2020012208,6.291750366178726e-07,0.0,9.912851658687812e-05,2.454058379928454e-08,9.863686503106163e-05,1.1226564725888622e-07,08:00
22/01/2020,08:00,takto 9,OUT,0.9999979067690989,0.0,0.0,0.9999979067690989,9_2020012208,5.39593084713411e-07,5.929440113917162e-11,4.373117191521672e-05,2.168241801547862e-08,4.330057633238011e-05,9.910735957161788e-08,08:15
22/01/2020,08:00,takto 9,VA,5.662585332789578e-07,0.0,5.662585332789578e-07,0.0,9_2020012208,5.146465917829664e-07,2.286918244379745e-11,4.2794638853775285e-05,2.0488186537572048e-08,4.23929332696802e-05,9.331282204160184e-08,08:30
22/01/2020,08:00,takto 9,VNA,1.5269723689628794e-06,1.5269723689628794e-06,0.0,0.0,9_2020012208,5.816194200015814e-07,3.7338986958694245e-11,9.868696895195995e-05,2.2405358959705716e-08,9.824195927325616e-05,1.0319191874726992e-07,08:45
22/01/2020,09:00,takto 9,-,0.0,0.0,0.0,0.0,9_2020012209,3.716091626668304e-09,0.0,7.483138833038477e-07,9.599692387226952e-11,7.4608160869671e-07,4.823385199899e-10,09:00
22/01/2020,09:00,takto 9,OUT,0.9999999876461547,0.0,0.0,0.9999999876461547,9_2020012209,3.019855940446153e-09,1.515372900958027e-13,3.43126215257928e-07,8.106594752478894e-11,3.4121073975265845e-07,4.0258873304624117e-10,09:15
22/01/2020,09:00,takto 9,VA,3.3020889799687195e-09,0.0,3.3020889799687195e-09,0.0,9_2020012209,3.0557126537213536e-09,5.357450218761723e-14,6.956764426176483e-07,8.237621387967274e-11,6.938362114243439e-07,4.0093037955089885e-10,09:30
22/01/2020,09:00,takto 9,VNA,9.051756820337128e-09,9.051756820337128e-09,0.0,0.0,9_2020012209,3.416695699039069e-09,9.156605829880668e-14,7.654055810648443e-07,8.671653489279099e-11,7.63443177382408e-07,4.218482137937141e-10,09:45
22/01/2020,10:00,takto 9,-,0.0,0.0,0.0,0.0,9_2020012210,2.1640231425001004e-11,0.0,7.775143712676018e-09,3.622555350287439e-13,7.765115562352943e-09,1.9814056861804652e-12,10:00
22/01/2020,10:00,takto 9,OUT,0.999999999930248,0.0,0.0,0.999999999930248,9_2020012210,1.7189540799574474e-11,2.251095821492828e-16,2.818893891492559e-09,3.141228639345096e-13,2.810306566844889e-09,1.6442726793005723e-12,10:15
22/01/2020,10:00,takto 9,VA,1.8447047133678177e-11,0.0,1.8447047133678177e-11,0.0,9_2020012210,1.715994523289712e-11,1.1109600848793148e-16,7.792793366343645e-09,3.0731669016385565e-13,7.78458359447189e-09,1.6419695238711225e-12,10:30
22/01/2020,10:00,takto 9,VNA,5.1390404715761255e-11,5.1390404715761255e-11,0.0,0.0,9_2020012210,1.7798471077240105e-11,4.4344014660852405e-16,3.201826171289615e-09,3.371999673936356e-13,3.1926744107990837e-09,1.773212425873553e-12,10:45
22/01/2020,11:00,takto 9,-,0.0,0.0,0.0,0.0,9_2020012211,1.2201868636230818e-13,0.0,4.0246119413262205e-11,1.3749453179766864e-15,4.02013915824124e-11,7.926084418804128e-15,11:00
22/01/2020,11:00,takto 9,OUT,0.9999999999996688,0.0,0.0,0.9999999999996688,9_2020012211,9.628698447648829e-14,4.633017279975683e-19,2.8700889642890153e-11,1.2186768107159596e-15,2.8662827300465656e-11,6.898743810121198e-15,11:15
22/01/2020,11:00,takto 9,VA,1.0198934072557929e-13,0.0,1.0198934072557929e-13,0.0,9_2020012211,8.750563676706161e-14,4.0468938893272417e-19,3.223061808329905e-11,1.1739745922925789e-15,3.219468164232257e-11,6.568542914820754e-15,11:30
22/01/2020,11:00,takto 9,VNA,2.8536126273101314e-13,2.8536126273101314e-13,0.0,0.0,9_2020012211,1.0214605529645901e-13,7.583328101721677e-19,1.5831274159387552e-11,1.3274906173920388e-15,1.5789680126666662e-11,7.456275790187625e-15,11:45
22/01/2020,12:00,takto 9,-,0.0,0.0,0.0,0.0,9_2020012212,7.438765376605389e-16,0.0,5.298352980596431e-13,5.548039951973876e-18,5.296381115845477e-13,3.399342932828419e-17,12:00
22/01/2020,12:00,takto 9,OUT,0.9999999999999996,0.0,0.0,0.9999999999999996,9_2020012212,5.423495156167718e-16,1.025125057845828e-21,2.7312606458161674e-13,4.712986680449543e-18,2.7295251405797787e-13,2.9355247112158924e-17,12:15
22/01/2020,12:00,takto 9,VA,6.177408439389452e-16,0.0,6.177408439389452e-16,0.0,9_2020012212,5.854629801527609e-16,2.1323305129673224e-21,1.2569609889408609e-12,4.438800044373652e-18,1.256805775837832e-12,2.6498183944081796e-17,12:30
22/01/2020,12:00,takto 9,VNA,1.6149349861578876e-15,1.6149349861578876e-15,0.0,0.0,9_2020012212,5.992743423257091e-16,1.796341582330356e-21,2.602500072748221e-13,4.889844784006504e-18,2.600621115027024e-13,3.048242232129474e-17,12:45
22/01/2020,13:00,takto 9,-,0.0,0.0,0.0,0.0,9_2020012213,5.626865308116446e-18,0.0,2.984732194126761e-14,2.1747625712727367e-20,2.98464107554222e-14,1.433322375548838e-19,13:00
22/01/2020,13:00,takto 9,OUT,1.0,0.0,0.0,1.0,9_2020012213,3.099269791790566e-18,1.2513968183095885e-24,1.9486532517535325e-15,1.8654888508234898e-20,1.947874968103664e-15,1.2041122159304015e-19,13:15
22/01/2020,13:00,takto 9,VA,3.811437328453799e-18,0.0,3.811437328453799e-18,0.0,9_2020012213,3.2629406830086996e-18,4.245879052303461e-24,3.646062988005467e-15,1.7071346634090018e-20,3.645391764639569e-15,1.0776448180332741e-19,13:30
22/01/2020,13:00,takto 9,VNA,9.122339177338462e-18,9.122339177338462e-18,0.0,0.0,9_2020012213,3.256673530899482e-18,6.874478826613487e-24,8.479170586878869e-16,1.8798479339318913e-20,8.470985062178591e-16,1.2616327039902798e-19,13:45
22/01/2020,14:00,takto 9,-,0.0,0.0,0.0,0.0,9_2020012214,2.4557314695531698e-20,0.0,5.300491148160303e-17,8.515674873017642e-23,5.300081750295001e-17,5.947675141563903e-22,14:00
22/01/2020,14:00,takto 9,OUT,1.0,0.0,0.0,1.0,9_2020012214,1.7843917468956484e-20,3.3770251277413726e-27,9.329531208607193e-18,7.059417190370716e-23,9.326004198457027e-18,5.118821375014955e-22,14:15
22/01/2020,14:00,takto 9,VA,2.0785252038804083e-20,0.0,2.0785252038804083e-20,0.0,9_2020012214,2.1949771782550604e-20,1.7038039618087793e-26,5.49820419854795e-17,6.625854266404057e-23,5.4978996309010787e-17,4.597501701422272e-22,14:30
22/01/2020,14:00,takto 9,VNA,5.108767710533329e-20,5.108767710533329e-20,0.0,0.0,9_2020012214,1.8790004208177553e-20,5.492049246888302e-27,1.1579679449476918e-17,7.351489973121576e-23,1.1576054187833708e-17,5.239309110742257e-22,14:45
22/01/2020,15:00,takto 9,-,0.0,0.0,0.0,0.0,9_2020012215,1.185478434461188e-22,0.0,1.273484999838307e-19,3.424685072624091e-25,1.2732964997648558e-19,2.6048059243789995e-24,15:00
22/01/2020,15:00,takto 9,OUT,1.0,0.0,0.0,1.0,9_2020012215,9.941291342876384e-23,1.8929014179499374e-29,4.558521899342915e-20,2.7237218109819943e-25,4.557020722125545e-20,2.0540519003776112e-24,15:15
22/01/2020,15:00,takto 9,VA,1.2944353594701637e-22,0.0,1.2944353594701637e-22,0.0,9_2020012215,1.6528903947948051e-22,1.2978792449487946e-29,6.365993877600812e-19,2.477988312443745e-25,6.365860270383379e-19,1.8712528720249605e-24,15:30
22/01/2020,15:00,takto 9,VNA,2.6527925113824273e-22,2.6527925113824273e-22,0.0,0.0,9_2020012215,1.3452434743370233e-22,2.276539392731597e-29,2.465342367472322e-19,2.928769112996626e-25,2.4651760349559006e-19,2.24191215625809e-24,15:45
22/01/2020,16:00,takto 9,-,0.0,0.0,0.0,0.0,9_2020012216,7.497385233524929e-25,0.0,8.773124469146759e-22,1.2812400512711258e-27,8.772271813213567e-22,1.0633726077665883e-26,16:00
22/01/2020,16:00,takto 9,OUT,1.0,0.0,0.0,1.0,9_2020012216,5.339847553014282e-25,4.3192535663145907e-32,3.225939690166884e-22,1.0794455525737153e-27,3.2252720290540076e-22,8.57314978326681e-27,16:15
22/01/2020,16:00,takto 9,VA,6.933356092208948e-25,0.0,6.933356092208948e-25,0.0,9_2020012216,8.177562900769408e-25,5.075787152131996e-32,3.406961920442262e-21,9.836045431533349e-28,3.406902380541476e-21,7.77343016680077e-27,16:30
22/01/2020,16:00,takto 9,VNA,1.3695829527144506e-24,1.3695829527144506e-24,0.0,0.0,9_2020012216,6.71862868152717e-25,5.756797772738119e-32,7.391175262516994e-22,1.185022132969508e-27,7.390450183336961e-22,9.288685239300494e-27,16:45
22/01/2020,06:00,takto 10,-,0.0,0.0,0.0,0.0,0_2020012206,0.0015232846443488102,0.0,0.02121474875376642,4.010573609123782e-05,0.019579920734840606,0.0003053153700089238,06:00
22/01/2020,06:00,takto 10,OUT,0.9669397874941956,0.0,0.0,0.9669397874941956,0_2020012206,0.001434265849281853,0.0,0.020143599935610282,3.3674511292888294e-05,0.01859678747490025,0.0002751255691089026,06:15
22/01/2020,06:00,takto 10,VA,0.0017185739519435606,0.0,0.0017185739519435606,0.0,0_2020012206,0.001915274017413268,0.0,0.023737379974715537,5.464228111474361e-05,0.021697120226675724,0.00038053086615140474,06:30
22/01/2020,06:00,takto 10,VNA,0.03134163855385811,0.03134163855385811,0.0,0.0,0_2020012206,0.002001471296730312,7.597532536513461e-07,0.022411173514548854,0.00012522683186774007,0.020209369897786288,0.0005231387686642152,06:45
22/01/2020,07:00,takto 10,-,0.0,0.0,0.0,0.0,0_2020012207,9.068484184789173e-06,0.0,0.0005517513187897591,1.3160329546085816e-07,0.0005445719419201005,1.2683077395418097e-06,07:00
22/01/2020,07:00,takto 10,OUT,0.9998146210955363,0.0,0.0,0.9998146210955363,0_2020012207,7.96513731257178e-06,0.0,0.0005733841336994897,1.0769069384071348e-07,0.0005669000457347201,1.1185772441668738e-06,07:15
22/01/2020,07:00,takto 10,VA,9.875038290765855e-06,0.0,9.875038290765855e-06,0.0,0_2020012207,1.0857834278496321e-05,0.0,0.0007094280197810905,1.7954729320846533e-07,0.0007006934908768449,1.5700183772725014e-06,07:30
22/01/2020,07:00,takto 10,VNA,0.0001755038661710647,0.0001755038661710647,0.0,0.0,0_2020012207,1.1608697387206146e-05,4.683750487367431e-10,0.0009179710681410008,5.027983326592007e-07,0.0009080542162102674,2.280950855030575e-06,07:45
22/01/2020,08:00,takto 10,-,0.0,0.0,0.0,0.0,0_2020012208,5.4166520465355485e-08,0.0,7.72781170769652e-06,4.5894684846695694e-10,7.696660580476567e-06,5.174059539880057e-09,08:00
22/01/2020,08:00,takto 10,OUT,0.9999989463729728,0.0,0.0,0.9999989463729728,0_2020012208,4.497783155311281e-08,0.0,5.92914559879467e-06,3.6389190069421635e-10,5.901738372434472e-06,4.57495488044795e-09,08:15
22/01/2020,08:00,takto 10,VA,5.727885893034263e-08,0.0,5.727885893034263e-08,0.0,0_2020012208,6.018010812423568e-08,0.0,7.538185862962083e-06,6.23129899284896e-10,7.500155881448036e-06,6.251200948308792e-09,08:30
22/01/2020,08:00,takto 10,VNA,9.963481734776913e-07,9.963481734776913e-07,0.0,0.0,0_2020012208,6.979097557866651e-08,2.00990621291935e-12,1.0541720392939817e-05,1.9098078203132457e-09,1.0497602731859336e-05,9.33455985581304e-09,08:45
22/01/2020,09:00,takto 10,-,0.0,0.0,0.0,0.0,0_2020012209,3.162269173811256e-10,0.0,8.224043421978751e-08,1.6064077228032982e-12,8.209945395474163e-08,2.1406816648834518e-11,09:00
22/01/2020,09:00,takto 10,OUT,0.9999999939696922,0.0,0.0,0.9999999939696922,0_2020012209,2.599352264659606e-10,0.0,1.1282864348535591e-07,1.2336869489236504e-12,1.127082098288489e-07,1.789359009595164e-11,09:15
22/01/2020,09:00,takto 10,VA,3.236214102230135e-10,0.0,3.236214102230135e-10,0.0,0_2020012209,3.277132310964251e-10,0.0,9.005900725745938e-08,2.1014566493651998e-12,8.989768854132677e-08,2.5097214731688382e-11,09:30
22/01/2020,09:00,takto 10,VNA,5.7066844058620385e-09,5.7066844058620385e-09,0.0,0.0,0_2020012209,3.906102659485429e-10,4.9270765012176764e-15,1.722616855271137e-07,7.26426906714509e-12,1.7207024098693643e-07,3.7680401995096155e-11,09:45
22/01/2020,10:00,takto 10,-,0.0,0.0,0.0,0.0,0_2020012210,1.976180508059053e-12,0.0,1.912446151319363e-09,5.664332559605145e-15,1.911839817930801e-09,8.608034986973372e-14,10:00
22/01/2020,10:00,takto 10,OUT,0.9999999999656385,0.0,0.0,0.9999999999656385,0_2020012210,1.5102533157653658e-12,0.0,1.160409154439128e-09,4.2530830781757074e-15,1.1598891136851663e-09,7.317104110148683e-14,10:15
22/01/2020,10:00,takto 10,VA,1.8418639440289594e-12,0.0,1.8418639440289594e-12,0.0,0_2020012210,1.7185362052329405e-12,0.0,4.073931298594503e-10,7.336035000478874e-15,4.066824378876545e-10,1.0031358076259434e-13,10:30
22/01/2020,10:00,takto 10,VNA,3.26346774817234e-11,3.26346774817234e-11,0.0,0.0,0_2020012210,2.1624857470584783e-12,1.5476637527863882e-17,8.140941771081639e-10,2.7093032192746788e-14,8.132397871091698e-10,1.573267970691941e-13,10:45
22/01/2020,11:00,takto 10,-,0.0,0.0,0.0,0.0,0_2020012211,1.090000555794264e-14,0.0,8.347460994198401e-12,1.9484289867392848e-17,8.344738488429351e-12,3.637148412914577e-16,11:00
22/01/2020,11:00,takto 10,OUT,0.9999999999998491,0.0,0.0,0.9999999999998491,0_2020012211,7.95959700966163e-15,0.0,9.211605687110968e-12,1.5124021326839468e-17,9.209340689203363e-12,2.9350790682287473e-16,11:15
22/01/2020,11:00,takto 10,VA,1.0184057548493609e-14,0.0,1.0184057548493609e-14,0.0,0_2020012211,9.128533916411415e-15,0.0,1.424970999782929e-12,2.545089033499544e-17,1.4219401886019266e-12,3.8591271407463214e-16,11:30
22/01/2020,11:00,takto 10,VNA,1.7805091437229495e-13,1.7805091437229495e-13,0.0,0.0,0_2020012211,1.2748093709958754e-14,3.582378847150607e-20,6.69578032949151e-12,1.0582309246714314e-16,6.691867977290039e-12,6.673244200940387e-16,11:45
22/01/2020,12:00,takto 10,-,0.0,0.0,0.0,0.0,0_2020012212,5.460647696768358e-17,0.0,4.636287882049113e-14,6.786222716408425e-20,4.6350320754632166e-14,1.4318038268962735e-18,12:00
22/01/2020,12:00,takto 10,OUT,0.9999999999999998,0.0,0.0,0.9999999999999998,0_2020012212,4.0855376557187497e-17,0.0,2.437151163963455e-14,5.2870289793425615e-20,2.4361531235160457e-14,1.2030122463387697e-18,12:15
22/01/2020,12:00,takto 10,VA,5.911235327212593e-17,0.0,5.911235327212593e-17,0.0,0_2020012212,5.111955863411043e-17,0.0,1.2734580739155887e-14,8.751589570190042e-20,1.2721270254043856e-14,1.540317698096553e-18,12:30
22/01/2020,12:00,takto 10,VNA,1.0059021198028602e-15,1.0059021198028602e-15,0.0,0.0,0_2020012212,8.986800092952222e-17,1.9599201395281571e-22,2.1556022092553138e-13,3.927798560645558e-19,2.1554283927624186e-13,2.6939384062895614e-18,12:45
22/01/2020,13:00,takto 10,-,0.0,0.0,0.0,0.0,0_2020012213,2.656263555324338e-19,0.0,1.336287657979213e-16,2.3999552673450493e-22,1.335754748467166e-16,5.7291367178065134e-21,13:00
22/01/2020,13:00,takto 10,OUT,1.0,0.0,0.0,1.0,0_2020012213,2.2417301372871935e-19,0.0,2.0962310050063793e-16,1.7492315878755936e-22,2.0957926220945363e-16,4.8226058671782474e-21,13:15
22/01/2020,13:00,takto 10,VA,2.8923873250858067e-19,0.0,2.8923873250858067e-19,0.0,0_2020012213,2.716235019917744e-19,0.0,1.6493790441811407e-16,3.2349849982875917e-22,1.6488154205790647e-16,6.272762964751213e-21,13:30
22/01/2020,13:00,takto 10,VNA,5.9307013585282995e-18,5.9307013585282995e-18,0.0,0.0,0_2020012213,3.9553205878139523e-19,4.0448922449237327e-25,3.573450785704908e-16,1.56078123705138e-21,3.5726835607723555e-16,1.1086727863492658e-20,13:45
22/01/2020,14:00,takto 10,-,0.0,0.0,0.0,0.0,0_2020012214,1.6128501367527194e-21,0.0,9.203665633041314e-19,8.819866032198912e-25,9.201380005983918e-19,2.3078642747144189e-23,14:00
22/01/2020,14:00,takto 10,OUT,1.0,0.0,0.0,1.0,0_2020012214,1.0985535482418145e-21,0.0,5.369963508386836e-19,5.760893867105298e-25,5.368059355924098e-19,1.9664615983000326e-23,14:15
22/01/2020,14:00,takto 10,VA,1.5281812574872502e-21,0.0,1.5281812574872502e-21,0.0,0_2020012214,1.3858776403531039e-21,0.0,5.772456657804651e-19,1.1186185350161586e-24,5.769877995071381e-19,2.5442469610312828e-23,14:30
22/01/2020,14:00,takto 10,VNA,3.241852417608963e-20,3.241852417608963e-20,0.0,0.0,0_2020012214,2.0154437046013628e-21,9.514381183042705e-28,2.113134873189096e-18,5.8841481836999485e-24,2.112795220897144e-18,4.548855217123234e-23,14:45
22/01/2020,15:00,takto 10,-,0.0,0.0,0.0,0.0,0_2020012215,8.618947804572353e-24,0.0,4.182874521368064e-21,3.25496396710815e-27,4.181837152664459e-21,9.498665187751043e-26,15:00
22/01/2020,15:00,takto 10,OUT,1.0,0.0,0.0,1.0,0_2020012215,6.205422255860606e-24,0.0,3.630831641721624e-21,2.1004478384634145e-27,3.629983011534557e-21,7.667656164954499e-26,15:15
22/01/2020,15:00,takto 10,VA,8.783511105459287e-24,0.0,8.783511105459287e-24,0.0,0_2020012215,8.238442448871257e-24,0.0,4.1873388078676264e-21,4.30628763458236e-27,4.186198789583252e-21,1.0178463061481674e-25,15:30
22/01/2020,15:00,takto 10,VNA,2.1487958419970207e-22,2.1487958419970207e-22,0.0,0.0,0_2020012215,1.2071231912532931e-23,1.6397932317315615e-30,1.1959964950249112e-20,2.3551478970866832e-26,1.1958452100563109e-20,1.9345451634760004e-25,15:45
22/01/2020,16:00,takto 10,-,0.0,0.0,0.0,0.0,0_2020012216,4.6265814777508333e-26,0.0,2.284562608584984e-23,1.1314513232909763e-29,2.2840917766821388e-23,3.8797859110457823e-28,16:00
22/01/2020,16:00,takto 10,OUT,1.0,0.0,0.0,1.0,0_2020012216,3.50733395957449e-26,0.0,2.185073516518195e-23,7.786652299422744e-30,2.1847047420639636e-23,3.027999810954127e-28,16:15
22/01/2020,16:00,takto 10,VA,4.387956155739736e-26,0.0,4.387956155739736e-26,0.0,0_2020012216,4.143021914016623e-26,0.0,1.7192795839267387e-23,1.492591857598783e-29,1.7187946089903843e-23,4.160666658081144e-28,16:30
22/01/2020,16:00,takto 10,VNA,9.932634416989257e-25,9.932634416989257e-25,0.0,0.0,0_2020012216,5.274887271617001e-26,1.9106420918917065e-33,5.931422715200493e-23,9.202792331638522e-29,5.930719614190705e-23,8.351752088898512e-28,16:45
22/01/2020,06:00,takto 11,-,0.0,0.0,0.0,0.0,1_2020012206,0.014009590854303634,0.0,0.11539196917528892,0.0012220823618892336,0.09815500387924897,0.003919115925330695,06:00
22/01/2020,06:00,takto 11,OUT,0.9168376983232297,0.0,0.0,0.9168376983232297,1_2020012206,0.015547624494641808,5.454859579184168e-06,0.11973442261850349,0.0018926225698384079,0.10052543636657872,0.005764158648541642,06:15
22/01/2020,06:00,takto 11,VA,0.015584775554986326,0.0,0.015584775554986326,0.0,1_2020012206,0.017088536787379854,0.0,0.1194476943213393,0.0015015465670780415,0.09562958355748247,0.0060966790421356195,06:30
22/01/2020,06:00,takto 11,VNA,0.06757752612178344,0.06757752612178344,0.0,0.0,1_2020012206,0.015693350083620012,0.0,0.11765126651678269,0.0008576722916571371,0.0970467105833222,0.004248501661878913,06:45
22/01/2020,07:00,takto 11,-,0.0,0.0,0.0,0.0,1_2020012207,0.00023120137262965733,0.0,0.00876481020380301,1.3723803351796968e-05,0.00851502695990527,6.285789628628977e-05,07:00
22/01/2020,07:00,takto 11,OUT,0.9989080483742607,0.0,0.0,0.9989080483742607,1_2020012207,0.00021225889830157893,0.0,0.009886718575920756,7.925534300650665e-06,0.009669682675057393,4.468720056504562e-05,07:15
22/01/2020,07:00,takto 11,VA,0.00021097716779560222,0.0,0.00021097716779560222,0.0,1_2020012207,0.0001903794824806249,0.0,0.005780039178566673,1.083390560711503e-05,0.005594796562058967,4.1258015297748796e-05,07:30
22/01/2020,07:00,takto 11,VNA,0.0008809744579456426,0.0008809744579456426,0.0,0.0,1_2020012207,0.00021006891777054781,7.427074542659074e-09,0.00686331545490165,1.5605923902081654e-05,0.00665181312138024,5.8419034917385604e-05,07:45
22/01/2020,08:00,takto 11,-,0.0,0.0,0.0,0.0,1_2020012208,2.636542548958747e-06,0.0,0.0005088688337534571,1.0280048438341082e-07,0.0005068744739976542,4.4123500897806163e-07,08:00
22/01/2020,08:00,takto 11,OUT,0.9999859418623123,0.0,0.0,0.9999859418623123,1_2020012208,2.802346838115554e-06,3.410864233641955e-11,0.00024015268729296835,1.4648125763043032e-07,0.00023776412960626247,6.04921426068548e-07,08:15
22/01/2020,08:00,takto 11,VA,2.9005217983688715e-06,0.0,2.9005217983688715e-06,0.0,1_2020012208,3.1647120261178928e-06,0.0,0.00029037520522739465,1.138902237099687e-07,0.0002876628353603992,6.378909388558152e-07,08:30
22/01/2020,08:00,takto 11,VNA,1.1157615888085194e-05,1.1157615888085194e-05,0.0,0.0,1_2020012208,2.998485780283292e-06,0.0,0.0002633588841652358,6.606751211760053e-08,0.00026100544710455544,4.357410520894101e-07,08:45
22/01/2020,09:00,takto 11,-,0.0,0.0,0.0,0.0,1_2020012209,4.4112123228460206e-08,0.0,3.6366450424713727e-06,1.1063938971742439e-09,3.606572331040627e-06,6.447839271712807e-09,09:00
22/01/2020,09:00,takto 11,OUT,0.9999998149694761,0.0,0.0,0.9999998149694761,1_2020012209,4.0367460581517646e-08,0.0,8.921695821380488e-06,6.359698754057896e-10,8.896349377350609e-06,4.546480545591957e-09,09:15
22/01/2020,09:00,takto 11,VA,3.957891877688207e-08,0.0,3.957891877688207e-08,0.0,1_2020012209,3.5533481297917676e-08,0.0,8.986255985642812e-06,9.329661588044196e-10,8.96443535944694e-06,4.470245747788005e-09,09:30
22/01/2020,09:00,takto 11,VNA,1.45451604230649e-07,1.45451604230649e-07,0.0,0.0,1_2020012209,3.8302609999632755e-08,1.4697736318237694e-13,3.832068558425125e-06,1.3202360611534155e-09,3.806087642421398e-06,6.017018920130896e-09,09:45
22/01/2020,10:00,takto 11,-,0.0,0.0,0.0,0.0,1_2020012210,4.884402649498584e-10,0.0,1.4999649626208424e-07,9.073718940482153e-12,1.4975662582112983e-07,4.6611623284818636e-11,10:00
22/01/2020,10:00,takto 11,OUT,0.9999999975472084,0.0,0.0,0.9999999975472084,1_2020012210,5.244406527715603e-10,6.833042100846272e-16,1.6885414974301563e-07,1.2589136178519135e-11,1.6856837336503743e-07,6.196221904445857e-11,10:15
22/01/2020,10:00,takto 11,VA,5.154266515952782e-10,0.0,5.154266515952782e-10,0.0,1_2020012210,5.597191722109222e-10,0.0,9.464974297826213e-08,9.650010616237796e-12,9.434635110205142e-08,6.17117989699259e-11,10:30
22/01/2020,10:00,takto 11,VNA,1.9373651707577894e-09,1.9373651707577894e-09,0.0,0.0,1_2020012210,4.891065164487719e-10,0.0,1.0484443703132954e-07,5.899576237103154e-12,1.045891621467314e-07,4.2441044229344975e-11,10:45
22/01/2020,11:00,takto 11,-,0.0,0.0,0.0,0.0,1_2020012211,7.866031499662458e-12,0.0,4.038263718526554e-09,9.033067685151793e-14,4.034945917325203e-09,6.192440454491132e-13,11:00
22/01/2020,11:00,takto 11,OUT,0.9999999999676444,0.0,0.0,0.9999999999676444,1_2020012211,6.731759662447333e-12,0.0,1.5378707002263906e-09,5.707461735948885e-14,1.5350627026222485e-09,4.4111789544645534e-13,11:15
22/01/2020,11:00,takto 11,VA,7.0335491129689455e-12,0.0,7.0335491129689455e-12,0.0,1_2020012211,6.430474713959791e-12,0.0,2.905102005826549e-09,8.277524176958803e-14,2.902648385996578e-09,4.573602253116328e-13,11:30
22/01/2020,11:00,takto 11,VNA,2.542462261607244e-11,2.542462261607244e-11,0.0,0.0,1_2020012211,7.105930575806199e-12,3.820817120532736e-18,3.277474995718061e-09,1.081245036133819e-13,3.2745253605293256e-09,5.875562962929601e-13,11:45
22/01/2020,12:00,takto 11,-,0.0,0.0,0.0,0.0,1_2020012212,8.173864586825784e-14,0.0,3.104131565868272e-11,8.017150117999607e-16,3.101436565834276e-11,4.731827793823743e-15,12:00
22/01/2020,12:00,takto 11,OUT,0.999999999999648,0.0,0.0,0.999999999999648,1_2020012212,9.961674627923047e-14,5.358491768036367e-20,1.0054794464130875e-10,1.0562076805093131e-15,1.0051490534039243e-10,6.0555526312369125e-15,12:15
22/01/2020,12:00,takto 11,VA,9.08748256596793e-14,0.0,9.08748256596793e-14,0.0,1_2020012212,9.753602428034023e-14,0.0,3.1935921125352054e-11,8.08182268204285e-16,3.190189684566664e-11,5.8222045899994405e-15,12:30
22/01/2020,12:00,takto 11,VNA,3.2580803577426555e-13,3.2580803577426555e-13,0.0,0.0,1_2020012212,8.460788621088868e-14,0.0,3.5757876245350516e-11,5.227688092988585e-16,3.57296367932517e-11,4.0837382352532e-15,12:45
22/01/2020,13:00,takto 11,-,0.0,0.0,0.0,0.0,1_2020012213,1.269881245318333e-15,0.0,3.9451858669373524e-13,7.5699168969001e-18,3.941437440792628e-13,6.029028389369145e-17,13:00
22/01/2020,13:00,takto 11,OUT,0.9999999999999984,0.0,0.0,0.9999999999999984,1_2020012213,1.2128892164446936e-15,0.0,7.446628045088188e-13,5.07051645950379e-18,7.443527112355287e-13,4.1593255049108965e-17,13:15
22/01/2020,13:00,takto 11,VA,1.2509933859481205e-15,0.0,1.2509933859481205e-15,0.0,1_2020012213,1.1284987588263914e-15,0.0,1.0193210485852876e-12,7.310254767054492e-18,1.0190483802557124e-12,4.568921980405644e-17,13:30
22/01/2020,13:00,takto 11,VNA,4.158598034044401e-15,4.158598034044401e-15,0.0,0.0,1_2020012213,1.3927043232030637e-15,5.087266383767518e-22,3.6334476758648685e-12,9.369430514236896e-18,3.633104790848852e-12,5.811078521830572e-17,13:45
22/01/2020,14:00,takto 11,-,0.0,0.0,0.0,0.0,1_2020012214,1.5020938463538618e-17,0.0,1.3430983498017718e-14,7.139430133788348e-20,1.3428009813059636e-14,4.747109825091837e-19,14:00
22/01/2020,14:00,takto 11,OUT,1.0,0.0,0.0,1.0,1_2020012214,1.9921575191767888e-17,2.6483923426584692e-24,4.398863144956777e-14,8.914719927473742e-20,4.398487827418062e-14,5.911955107293852e-19,14:15
22/01/2020,14:00,takto 11,VA,1.666027073305513e-17,0.0,1.666027073305513e-17,0.0,1_2020012214,1.71998737364921e-17,0.0,1.4466548149099375e-14,6.860029589113247e-20,1.4462773498968222e-14,5.630704286354077e-19,14:30
22/01/2020,14:00,takto 11,VNA,5.927302081303788e-17,5.927302081303788e-17,0.0,0.0,1_2020012214,1.449869554042192e-17,0.0,9.026161603526415e-15,4.7118872005061195e-20,9.023108386371078e-15,3.887255687406311e-19,14:45
22/01/2020,15:00,takto 11,-,0.0,0.0,0.0,0.0,1_2020012215,2.2143246985605567e-19,0.0,2.4856306202559525e-16,6.73500730711766e-22,2.4852234526315164e-16,5.602891829766877e-21,15:00
22/01/2020,15:00,takto 11,OUT,1.0,0.0,0.0,1.0,1_2020012215,1.9204488880770366e-19,0.0,1.3265640191013873e-16,4.5161828160845735e-22,1.3262333732330592e-16,4.031317696054706e-21,15:15
22/01/2020,15:00,takto 11,VA,2.193542993261734e-19,0.0,2.193542993261734e-19,0.0,1_2020012215,1.9731122925118378e-19,0.0,3.507944861862247e-16,6.614611611348005e-22,3.50765189630623e-16,4.6213163531430516e-21,15:30
22/01/2020,15:00,takto 11,VNA,7.685543270234113e-19,7.685543270234113e-19,0.0,0.0,1_2020012215,2.6662860938975056e-19,3.662121065138267e-26,1.0572093061009224e-15,8.18741798207616e-22,1.0571701382189352e-15,5.555898380952247e-21,15:45
22/01/2020,16:00,takto 11,-,0.0,0.0,0.0,0.0,1_2020012216,2.177100639369821e-21,0.0,1.4337979395981475e-18,6.2820189748700366e-24,1.4334733787784858e-18,4.766909530357997e-23,16:00
22/01/2020,16:00,takto 11,OUT,1.0,0.0,0.0,1.0,1_2020012216,2.8901947519574227e-21,2.1551500367781215e-28,5.754906921173063e-18,7.983838461284018e-24,5.754480966395239e-18,5.856844635353504e-23,16:15
22/01/2020,16:00,takto 11,VA,2.467644966247509e-21,0.0,2.467644966247509e-21,0.0,1_2020012216,2.594906690646783e-21,0.0,2.1337125205493414e-18,6.3061559677334614e-24,2.1333014911259327e-18,5.55347135385315e-23,16:30
22/01/2020,16:00,takto 11,VNA,1.0145779819071223e-20,1.0145779819071223e-20,0.0,0.0,1_2020012216,2.2083777830160113e-21,0.0,1.8168133133822307e-18,4.1875489004740526e-24,1.816483145006851e-18,3.9026256781061394e-23,16:45
22/01/2020,17:00,takto 11,-,0.0,0.0,0.0,0.0,1_2020012217,3.129928054529882e-23,0.0,1.4770298420550047e-20,6.132347167151401e-26,1.4765519678951888e-20,5.888980120870279e-25,17:00
22/01/2020,17:00,takto 11,OUT,1.0,0.0,0.0,1.0,1_2020012217,2.841215953917635e-23,0.0,3.556615573776525e-20,4.074091236035292e-26,3.556243163016345e-20,4.1143856574643157e-25,17:15
22/01/2020,17:00,takto 11,VA,2.833728743165016e-23,0.0,2.833728743165016e-23,0.0,1_2020012217,2.3834482050752227e-23,0.0,1.8517920824772098e-20,5.701814324527684e-26,1.8514621749458134e-20,4.5307739459485145e-25,17:30
22/01/2020,17:00,takto 11,VNA,1.177788105467193e-22,1.177788105467193e-22,0.0,0.0,1_2020012217,2.980322759137325e-23,0.0,6.039684875747978e-20,7.489479481334692e-26,6.039256826093673e-20,5.570496985962318e-25,17:45
22/01/2020,18:00,takto 11,-,0.0,0.0,0.0,0.0,1_2020012218,4.0211596793741864e-25,0.0,6.075857206849645e-22,5.597618975472724e-28,6.075491341038745e-22,4.6233090325616774e-27,18:00
22/01/2020,18:00,takto 11,OUT,1.0,0.0,0.0,1.0,1_2020012218,3.987378726774664e-25,0.0,7.941098950857202e-22,7.397297444035641e-28,7.940635692537945e-22,5.705314529072656e-27,18:15
22/01/2020,18:00,takto 11,VA,3.8377982116726626e-25,0.0,3.8377982116726626e-25,0.0,1_2020012218,3.6819371086114788e-25,0.0,4.872327484050915e-22,5.11188345365568e-28,4.871842879602828e-22,5.446554726313804e-27,18:30
22/01/2020,18:00,takto 11,VNA,1.4299531447359236e-24,1.4299531447359236e-24,0.0,0.0,1_2020012218,3.6607173319303223e-25,0.0,2.701839965235002e-22,3.456876151625095e-28,2.7014736805012177e-22,3.779721175817992e-27,18:45
22/01/2020,19:00,takto 11,-,0.0,0.0,0.0,0.0,1_2020012219,1.7980633111454158e-26,1.5529279361281361e-32,4.4671438413697205e-24,8.018343024947108e-29,4.4634535725147426e-24,5.242362795525301e-28,19:00
22/01/2020,19:00,takto 11,OUT,1.0,0.0,0.0,1.0,1_2020012219,1.5572964540284642e-26,6.512534147688375e-33,3.6150845781274376e-24,6.602349675182783e-29,3.61152472029601e-24,4.928366487318986e-28,19:15
22/01/2020,19:00,takto 11,VA,1.8925331143481035e-26,0.0,1.8925331143481035e-26,0.0,1_2020012219,1.2609677619918585e-26,1.7507420580070403e-32,3.160351098159458e-24,5.453107115517585e-29,3.1569117690122783e-24,4.187822079825365e-28,19:30
22/01/2020,19:00,takto 11,VNA,6.682555834518168e-26,6.682555834518168e-26,0.0,0.0,1_2020012219,2.953804930226675e-26,7.322000672835643e-32,1.3237201337398868e-23,8.121289543337311e-29,1.3234148946492617e-23,5.042094301724373e-28,19:45
22/01/2020,06:00,takto 12,-,0.0,0.0,0.0,0.0,2_2020012206,0.028506118324843857,0.0,0.23443452258849395,0.0015235080697030396,0.19938783412673017,0.00697155635956746,06:00
22/01/2020,06:00,takto 12,OUT,0.9200654642922415,0.0,0.0,0.9200654642922415,2_2020012206,0.03018133684993053,9.516146619125696e-06,0.2182322146133624,0.0024175890133544984,0.17859280159572177,0.009732646382238669,06:15
22/01/2020,06:00,takto 12,VA,0.0321910797543092,0.0,0.0321910797543092,0.0,2_2020012206,0.03451363705464995,3.204504915703201e-05,0.2649105124100948,0.0030357728598957383,0.2171768741674402,0.012123977795609643,06:30
22/01/2020,06:00,takto 12,VNA,0.04774345595345215,0.04774345595345215,0.0,0.0,2_2020012206,0.03556322678781247,6.612461051044413e-05,0.27382347166995946,0.003085207666675765,0.2249645649053384,0.012583060444733563,06:45
22/01/2020,07:00,takto 12,-,0.0,0.0,0.0,0.0,2_2020012207,0.0001591539353799371,0.0,0.008271062908635114,5.49360206558447e-06,0.00812725475093309,2.9536893251664262e-05,07:00
22/01/2020,07:00,takto 12,OUT,0.9995471338083011,0.0,0.0,0.9995471338083011,2_2020012207,0.00017250530304108486,1.4574228881240936e-08,0.0071051299389536405,9.282155484319129e-06,0.00693359588979113,4.031021366983587e-05,07:15
22/01/2020,07:00,takto 12,VA,0.00018241418754425375,0.0,0.00018241418754425375,0.0,2_2020012207,0.00019478652305317747,5.424654734577387e-08,0.007242745250806381,1.2187666130593479e-05,0.00703785941944524,5.129592798619505e-05,07:30
22/01/2020,07:00,takto 12,VNA,0.00027045200415419773,0.00027045200415419773,0.0,0.0,2_2020012207,0.00020321098870281556,9.450916022045471e-08,0.012836099631360023,1.244061192566306e-05,0.01262606958958109,5.234594151190358e-05,07:45
22/01/2020,08:00,takto 12,-,0.0,0.0,0.0,0.0,2_2020012208,8.851966987530331e-07,0.0,8.951832851725567e-05,2.0391414535028722e-08,8.889914115492769e-05,1.1988759668764224e-07,08:00
22/01/2020,08:00,takto 12,OUT,0.9999974465767917,0.0,0.0,0.9999974465767917,2_2020012208,9.76463803528755e-07,4.582660552023256e-11,8.368510464267691e-05,3.558541973378202e-08,8.293600884271675e-05,1.678805251791123e-07,08:15
22/01/2020,08:00,takto 12,VA,1.0314520306492159e-06,0.0,1.0314520306492159e-06,0.0,2_2020012208,1.1305949257349336e-06,1.524430649264166e-10,8.607162748913077e-05,4.791840105600261e-08,8.514487286325258e-05,2.1694263045196507e-07,08:30
22/01/2020,08:00,takto 12,VNA,1.5219711775721745e-06,1.5219711775721745e-06,0.0,0.0,2_2020012208,1.1335526945801417e-06,1.3932105020369712e-10,0.00010453375147908332,4.684497819141938e-08,0.00010361167580006506,2.127196330776213e-07,08:45
22/01/2020,09:00,takto 12,-,0.0,0.0,0.0,0.0,2_2020012209,5.0699590511001836e-09,0.0,1.084360475838497e-06,7.777940463203726e-11,1.0816533175596826e-06,5.017143085757756e-10,09:00
22/01/2020,09:00,takto 12,OUT,0.9999999853409637,0.0,0.0,0.9999999853409637,2_2020012209,5.67666967272079e-09,1.1118409455405869e-13,1.3525146670592056e-06,1.3725479272894515e-10,1.3491422446393143e-06,6.921363634952055e-10,09:15
22/01/2020,09:00,takto 12,VA,5.911400300301792e-09,0.0,5.911400300301792e-09,0.0,2_2020012209,6.537011217842855e-09,1.9671412096177527e-13,1.161311646959332e-06,1.8790932302235515e-10,1.1571621858393229e-06,9.126027360986357e-10,09:30
22/01/2020,09:00,takto 12,VNA,8.747632113860497e-09,8.747632113860497e-09,0.0,0.0,2_2020012209,6.3619612595433384e-09,1.6624143504410708e-13,1.840136252363953e-06,1.8540977742056437e-10,1.8360531202670583e-06,8.78874081533706e-10,09:45
22/01/2020,10:00,takto 12,-,0.0,0.0,0.0,0.0,2_2020012210,2.808655465938842e-11,0.0,1.0666469485248377e-08,2.891144717525592e-13,1.0653828092184351e-08,2.110465641176006e-12,10:00
22/01/2020,10:00,takto 12,OUT,0.9999999999159215,0.0,0.0,0.9999999999159215,2_2020012210,3.239161755535959e-11,2.819794798928411e-16,8.120489216452023e-09,5.177242960783225e-13,8.10564202753052e-09,2.8597873727447223e-12,10:15
22/01/2020,10:00,takto 12,VA,3.315260034323995e-11,0.0,3.315260034323995e-11,0.0,2_2020012210,3.7756425988664225e-11,1.1146305327690201e-15,8.367173630721952e-09,7.522703581742897e-13,8.347586715637901e-09,3.933294962349373e-12,10:30
22/01/2020,10:00,takto 12,VNA,5.0998895379455115e-11,5.0998895379455115e-11,0.0,0.0,2_2020012210,3.437580316954757e-11,5.182514952878189e-16,5.816770934187414e-09,7.039215784388678e-13,5.798299545553277e-09,3.680285142083932e-12,10:45
22/01/2020,11:00,takto 12,-,0.0,0.0,0.0,0.0,2_2020012211,1.5860006945501003e-13,0.0,4.156062354097597e-11,1.1384085428191924e-15,4.1503314236833635e-11,9.029023781867814e-15,11:00
22/01/2020,11:00,takto 12,OUT,0.9999999999995506,0.0,0.0,0.9999999999995506,2_2020012211,1.9054118760834715e-13,8.1703483640246e-19,8.595896252482848e-11,2.0312544385565538e-15,8.589296646399835e-11,1.1851393762811399e-14,11:15
22/01/2020,11:00,takto 12,VA,1.877861914909544e-13,0.0,1.877861914909544e-13,0.0,2_2020012211,2.1477626189559296e-13,3.108608561814788e-18,6.418444994762333e-11,2.907774302779483e-15,6.40941989719419e-11,1.644925483829224e-14,11:30
22/01/2020,11:00,takto 12,VNA,3.2463788244956023e-13,3.2463788244956023e-13,0.0,0.0,2_2020012211,1.8722724700486748e-13,1.4242570785920224e-18,4.055267958441977e-11,2.6475415734523004e-15,4.047106962602814e-11,1.503102471610395e-14,11:45
22/01/2020,12:00,takto 12,-,0.0,0.0,0.0,0.0,2_2020012212,9.12538975355459e-16,0.0,4.0744940263965703e-13,4.246577061639151e-18,4.0718801725030693e-13,3.7280811795749697e-17,12:00
22/01/2020,12:00,takto 12,OUT,0.9999999999999992,0.0,0.0,0.9999999999999992,2_2020012212,9.683934337627106e-16,8.651807109648632e-22,4.69898340066708e-13,7.893685133704356e-18,4.695972274304772e-13,4.9715358429221615e-17,12:15
22/01/2020,12:00,takto 12,VA,1.0459689187275967e-15,0.0,1.0459689187275967e-15,0.0,2_2020012212,1.2420520546222932e-15,2.602190393942729e-21,4.883314391480947e-13,1.1165504927086283e-17,4.87930132824569e-13,6.861906631632288e-17,12:30
22/01/2020,12:00,takto 12,VNA,1.6943857505103529e-15,1.6943857505103529e-15,0.0,0.0,2_2020012212,1.0608912111699237e-15,5.040137584803771e-22,2.5861294227858527e-13,1.0597184044358745e-17,2.582489608230521e-13,6.330393569163687e-17,12:45
22/01/2020,13:00,takto 12,-,0.0,0.0,0.0,0.0,2_2020012213,5.4660740559318746e-18,0.0,6.12202498207333e-15,1.6807555043789305e-20,6.120870563007938e-15,1.5523306076836392e-19,13:00
22/01/2020,13:00,takto 12,OUT,1.0,0.0,0.0,1.0,2_2020012213,5.993962231472953e-18,4.271440576007894e-24,5.10566448990324e-15,3.1289237600588625e-20,5.104296022764487e-15,2.1092751248643084e-19,13:15
22/01/2020,13:00,takto 12,VA,6.2403351089027276e-18,0.0,6.2403351089027276e-18,0.0,2_2020012213,7.440303595624802e-18,5.0699907721558696e-24,6.522471595330431e-15,4.478383249480612e-20,6.520661614218904e-15,2.8751848400709174e-19,13:30
22/01/2020,13:00,takto 12,VNA,8.826002751052748e-18,8.826002751052748e-18,0.0,0.0,2_2020012213,6.061000552581279e-18,1.3738971156886629e-24,2.2131780332934223e-15,4.2385589061909036e-20,2.2114318822105793e-15,2.7718091554645815e-19,13:45
22/01/2020,14:00,takto 12,-,0.0,0.0,0.0,0.0,2_2020012214,2.874207611293913e-20,0.0,6.920338435409154e-17,6.414786730117217e-23,6.919813967600975e-17,6.426564839283521e-22,14:00
22/01/2020,14:00,takto 12,OUT,1.0,0.0,0.0,1.0,2_2020012214,3.245591219137417e-20,2.47217063235235e-26,5.2378034047683815e-17,1.2162334355308067e-22,5.237203979250729e-17,8.724588842081284e-22,14:15
22/01/2020,14:00,takto 12,VA,3.639330543016528e-20,0.0,3.639330543016528e-20,0.0,2_2020012214,4.819017951260147e-20,9.568766320016074e-27,5.925784402168431e-17,1.6559085646797428e-22,5.924964637054007e-17,1.1938961366665406e-21,14:30
22/01/2020,14:00,takto 12,VNA,4.642311886423749e-20,4.642311886423749e-20,0.0,0.0,2_2020012214,3.618505390374634e-20,3.54869227228655e-27,3.2576155619437895e-17,1.6557367690902542e-22,3.2568124307834217e-17,1.1903037038928553e-21,14:45
22/01/2020,15:00,takto 12,-,0.0,0.0,0.0,0.0,2_2020012215,1.517860953300772e-22,0.0,2.225972645648098e-19,2.4723536700904954e-25,2.2257391134555583e-19,2.684298585140959e-24,15:00
22/01/2020,15:00,takto 12,OUT,1.0,0.0,0.0,1.0,2_2020012215,1.659490636154096e-22,4.7744364920577804e-29,2.9060784661275287e-19,4.835284575419197e-25,2.905808271441885e-19,3.6605441910866314e-24,15:15
22/01/2020,15:00,takto 12,VA,2.0529315402246471e-22,0.0,2.0529315402246471e-22,0.0,2_2020012215,2.7344897631420687e-22,1.5312924418985997e-29,2.9936470305164503e-19,6.57184452876918e-25,2.9932724681518995e-19,5.040898145247277e-24,15:30
22/01/2020,15:00,takto 12,VNA,2.8170487148280236e-22,2.8170487148280236e-22,0.0,0.0,2_2020012215,2.2998848083016513e-22,1.901896581299134e-29,3.5818748416493374e-19,6.620421911510227e-25,3.5815076917750406e-19,4.984088409687928e-24,15:45
22/01/2020,16:00,takto 12,-,0.0,0.0,0.0,0.0,2_2020012216,1.1353311724240881e-24,0.0,3.543625873185345e-21,9.231027460366943e-28,3.543521051293664e-21,1.0878630489627897e-26,16:00
22/01/2020,16:00,takto 12,OUT,1.0,0.0,0.0,1.0,2_2020012216,9.510527388662548e-25,2.006840707237638e-31,1.8856242733665225e-21,1.8517116041601992e-27,1.8855001801891977e-21,1.5888615259496028e-26,16:15
22/01/2020,16:00,takto 12,VA,1.1902334001067481e-24,0.0,1.1902334001067481e-24,0.0,2_2020012216,1.3259419355625238e-24,3.299158580402856e-31,1.239092490098802e-21,2.527107156044084e-27,1.2389259099175555e-21,2.056925783209631e-26,16:30
22/01/2020,16:00,takto 12,VNA,1.6273878543597934e-24,1.6273878543597934e-24,0.0,0.0,2_2020012216,1.3486077535741257e-24,3.262688814967289e-32,2.708918525234162e-21,2.4657893085891245e-27,2.7087564882864625e-21,2.086582095342258e-26,16:45
22/01/2020,06:00,takto 13,-,0.0,0.0,0.0,0.0,3_2020012206,0.020118443579675575,0.0,0.30226452621032557,0.0016787851251256823,0.27548147865829464,0.006733216852961187,06:00
22/01/2020,06:00,takto 13,OUT,0.9351164552574174,0.0,0.0,0.9351164552574174,3_2020012206,0.017140750228673878,2.0278140704218677e-05,0.1527261331506006,0.001408730870688646,0.12990343747318864,0.00578598212382422,06:15
22/01/2020,06:00,takto 13,VA,0.017455235227779732,0.0,0.017455235227779732,0.0,3_2020012206,0.016017821341654675,2.328263416917914e-05,0.13314237570057452,0.0013327879468936917,0.11160643249567526,0.005402522709111999,06:30
22/01/2020,06:00,takto 13,VNA,0.047428309514799545,0.047428309514799545,0.0,0.0,3_2020012206,0.016543925761114794,2.8322989506946566e-05,0.14040437178087747,0.0013959144087283602,0.11829356550880221,0.005657162399794807,06:45
22/01/2020,07:00,takto 13,-,0.0,0.0,0.0,0.0,3_2020012207,0.00011420257099241187,0.0,0.0070340251261142,6.621426482913753e-06,0.006918975634021721,2.8049308189675666e-05,07:00
22/01/2020,07:00,takto 13,OUT,0.9996320691064144,0.0,0.0,0.9996320691064144,3_2020012207,9.728541814184164e-05,1.5885375989244644e-08,0.004507422279288995,5.476876153488084e-06,0.004412034032731189,2.3197184104709222e-05,07:15
22/01/2020,07:00,takto 13,VA,9.925538002467877e-05,0.0,9.925538002467877e-05,0.0,3_2020012207,8.984869870298243e-05,2.3689569803952948e-08,0.003675157309796838,5.387204317934611e-06,0.0035842833071606213,2.2527068690148008e-05,07:30
22/01/2020,07:00,takto 13,VNA,0.00026867551356146897,0.00026867551356146897,0.0,0.0,3_2020012207,9.568483226147915e-05,3.2730285988666495e-08,0.006177742215950346,5.544472776117029e-06,0.006081460632078386,2.3501177075676937e-05,07:45
22/01/2020,08:00,takto 13,-,0.0,0.0,0.0,0.0,3_2020012208,6.732390668047599e-07,0.0,6.052143193576466e-05,2.5411601005942914e-08,6.001385682571112e-05,1.1667442998593655e-07,08:00
22/01/2020,08:00,takto 13,OUT,0.9999979244494522,0.0,0.0,0.9999979244494522,3_2020012208,5.55554763450604e-07,5.152704007007966e-11,9.33017016021386e-05,2.149910427200334e-08,9.288198408997954e-05,9.751293794950911e-08,08:15
22/01/2020,08:00,takto 13,VA,5.705801138805653e-07,0.0,5.705801138805653e-07,0.0,3_2020012208,5.04651525252829e-07,6.191143715324155e-11,2.8955049313855337e-05,2.093999127058859e-08,2.8547253762299822e-05,9.505393090619045e-08,08:30
22/01/2020,08:00,takto 13,VNA,1.5049704325934663e-06,1.5049704325934663e-06,0.0,0.0,3_2020012208,5.488751000140688e-07,2.5331503941195918e-11,0.00013286449895478323,2.0770429931903694e-08,0.00013244451541582155,9.659395089491879e-08,08:45
22/01/2020,09:00,takto 13,-,0.0,0.0,0.0,0.0,3_2020012209,3.988818962953979e-09,0.0,5.822795043883086e-07,9.797141029315544e-11,5.79976868540383e-07,4.856820754144933e-10,09:00
22/01/2020,09:00,takto 13,OUT,0.9999999882125519,0.0,0.0,0.9999999882125519,3_2020012209,3.145608838938626e-09,2.401874998962736e-13,4.600285389314561e-07,8.220583848314515e-11,4.58163757989618e-07,3.990207022239528e-10,09:15
22/01/2020,09:00,takto 13,VA,3.2609288486043696e-09,0.0,3.2609288486043696e-09,0.0,3_2020012209,2.9184136848306863e-09,2.1297972358298032e-13,7.993526891549137e-07,8.001394151849524e-11,7.9754295712718e-07,3.8836231577501846e-10,09:30
22/01/2020,09:00,takto 13,VNA,8.526517451385733e-09,8.526517451385733e-09,0.0,0.0,3_2020012209,2.9908739076941876e-09,2.1640182794522475e-13,3.141935981046289e-07,8.112156669487345e-11,3.123587478331817e-07,3.948636031355279e-10,09:45
22/01/2020,10:00,takto 13,-,0.0,0.0,0.0,0.0,3_2020012210,2.4357810108082362e-11,0.0,1.361685698754946e-08,3.7944080990002907e-13,1.3606328081107408e-08,2.046523659944208e-12,10:00
22/01/2020,10:00,takto 13,OUT,0.9999999999343163,0.0,0.0,0.9999999999343163,3_2020012210,1.6787901038520765e-11,2.7296107885827397e-16,2.721254178485356e-09,3.2334014121096173e-13,2.713072013944397e-09,1.6545213866930973e-12,10:15
22/01/2020,10:00,takto 13,VA,1.8807162350411163e-11,0.0,1.8807162350411163e-11,0.0,3_2020012210,1.6836364577262532e-11,5.971264109086746e-16,3.2621750456043714e-09,3.1168942154706926e-13,3.2542438591842485e-09,1.6122558770106255e-12,10:30
22/01/2020,10:00,takto 13,VNA,4.696107297113819e-11,4.696107297113819e-11,0.0,0.0,3_2020012210,1.7246573677779003e-11,3.6818820759303175e-16,3.585342108094924e-09,3.0377009984686535e-13,3.576930687322496e-09,1.6280884269487714e-12,10:45
22/01/2020,11:00,takto 13,-,0.0,0.0,0.0,0.0,3_2020012211,1.3482195364301529e-13,0.0,7.126485835749878e-11,1.3953146808512954e-15,7.121747038500951e-11,8.257288660762645e-15,11:00
22/01/2020,11:00,takto 13,OUT,0.9999999999996774,0.0,0.0,0.9999999999996774,3_2020012211,1.050253845849418e-13,7.665074510254065e-19,2.927320509608626e-11,1.2469680702464366e-15,2.9234346396752024e-11,6.989921097876982e-15,11:15
22/01/2020,11:00,takto 13,VA,1.0936270774404969e-13,0.0,1.0936270774404969e-13,0.0,3_2020012211,9.848274635978256e-14,1.4473345707870866e-18,4.37966791186183e-11,1.1610876895634546e-15,4.3760063252857303e-11,6.676533744486281e-15,11:30
22/01/2020,11:00,takto 13,VNA,2.7033629495354014e-13,2.7033629495354014e-13,0.0,0.0,3_2020012211,9.91207463884591e-14,1.3969384147588683e-18,2.5597845737067722e-11,1.1642003530769072e-15,2.5559631233421723e-11,6.821167351237744e-15,11:45
22/01/2020,12:00,takto 13,-,0.0,0.0,0.0,0.0,3_2020012212,7.556468254748283e-16,0.0,5.415123314685415e-13,5.4000648390385695e-18,5.413027674240012e-13,3.344009334805534e-17,12:00
22/01/2020,12:00,takto 13,OUT,0.9999999999999997,0.0,0.0,0.9999999999999997,3_2020012212,6.025212027013979e-16,2.8733759437624018e-21,4.28943065106965e-13,4.8321700532208634e-18,4.2876737186740305e-13,2.99599273046481e-17,12:15
22/01/2020,12:00,takto 13,VA,6.193916397722349e-16,0.0,6.193916397722349e-16,0.0,3_2020012212,5.720510144979668e-16,5.296224425616203e-22,4.630142882230919e-13,4.638666051922745e-18,4.628541397463103e-13,2.7516719907236984e-17,12:30
22/01/2020,12:00,takto 13,VNA,1.5182544341142817e-15,1.5182544341142817e-15,0.0,0.0,3_2020012212,5.473475164147468e-16,2.4454346380647626e-21,2.9139629100226563e-13,4.420560594237976e-18,2.9122910397365444e-13,2.7676603556004468e-17,12:45
22/01/2020,13:00,takto 13,-,0.0,0.0,0.0,0.0,3_2020012213,5.387500552385979e-18,0.0,8.413356187360324e-15,1.9637546777113732e-20,8.412431560099234e-15,1.3887662906963147e-19,13:00
22/01/2020,13:00,takto 13,OUT,1.0,0.0,0.0,1.0,3_2020012213,3.311793063251834e-18,8.092760689417263e-24,2.068056888107604e-15,1.881246476084011e-20,2.06725433218181e-15,1.2506902988740282e-19,13:15
22/01/2020,13:00,takto 13,VA,3.700936513593671e-18,0.0,3.700936513593671e-18,0.0,3_2020012213,2.970551086405826e-18,5.0014353897504285e-25,2.098487823690511e-15,1.76623753735333e-20,2.0977557887835315e-15,1.15066440945632e-19,13:30
22/01/2020,13:00,takto 13,VNA,9.011057373682037e-18,9.011057373682037e-18,0.0,0.0,3_2020012213,3.1339013523310456e-18,5.151919517724378e-24,2.098402972599676e-15,1.708684411513374e-20,2.097674163143678e-15,1.1264242738037528e-19,13:45
22/01/2020,14:00,takto 13,-,0.0,0.0,0.0,0.0,3_2020012214,3.450191710460664e-20,0.0,7.70274342380601e-17,7.59359047313455e-23,7.702336580710197e-17,5.72267421599372e-22,14:00
22/01/2020,14:00,takto 13,OUT,1.0,0.0,0.0,1.0,3_2020012214,1.6538445149775874e-20,1.1376945501796242e-26,5.888172540788016e-18,7.353126374902551e-23,5.884580021299005e-18,5.177764851408337e-22,14:15
22/01/2020,14:00,takto 13,VA,2.1427668924992308e-20,0.0,2.1427668924992308e-20,0.0,3_2020012214,1.8136227460352066e-20,3.1387818056237212e-27,4.5640846031883444e-17,6.765737040400749e-23,4.563754481848749e-17,4.78594305570581e-22,14:30
22/01/2020,14:00,takto 13,VNA,5.306903146504376e-20,5.306903146504376e-20,0.0,0.0,3_2020012214,1.6534085985234644e-20,1.2704839077497267e-26,1.4021227463739542e-17,6.574162015092419e-23,1.401795196864833e-17,4.703273622109583e-22,14:45
22/01/2020,15:00,takto 13,-,0.0,0.0,0.0,0.0,3_2020012215,1.5543650743584715e-22,0.0,1.507063667333832e-19,2.93897929455423e-25,1.5068786913088381e-19,2.40043378233519e-24,15:00
22/01/2020,15:00,takto 13,OUT,1.0,0.0,0.0,1.0,3_2020012215,1.071169605965713e-22,2.750173700151002e-29,1.285193837181444e-19,2.8344205572438657e-25,1.2850366302487408e-19,2.133568908523454e-24,15:15
22/01/2020,15:00,takto 13,VA,1.1419669691395228e-22,0.0,1.1419669691395228e-22,0.0,3_2020012215,1.1195487047076664e-22,2.6041138991512613e-29,4.640106359704628e-19,2.6176546974856313e-25,4.639958220042226e-19,2.002471202858382e-24,15:30
22/01/2020,15:00,takto 13,VNA,3.195337904809212e-22,3.195337904809212e-22,0.0,0.0,3_2020012215,8.2278449152624e-23,1.1254433250136376e-29,3.1640372935217965e-20,2.5310532304888457e-25,3.162559675801829e-20,1.9647123732283024e-24,15:45
22/01/2020,16:00,takto 13,-,0.0,0.0,0.0,0.0,3_2020012216,7.696292186420461e-25,0.0,7.934807524438826e-22,1.1203148851540978e-27,7.933980259492019e-22,1.0148335121332703e-26,16:00
22/01/2020,16:00,takto 13,OUT,1.0,0.0,0.0,1.0,3_2020012216,5.7169497706172895e-25,2.6097112988222437e-32,3.7124653533279656e-22,1.0719624379643908e-27,3.711772066581808e-22,8.653794402729487e-27,16:15
22/01/2020,16:00,takto 13,VA,5.6833941007911e-25,0.0,5.6833941007911e-25,0.0,3_2020012216,5.112452973593388e-25,7.182627304118072e-32,2.101093429445282e-21,1.014296428676643e-27,2.101028899369189e-21,8.219370854933595e-27,16:30
22/01/2020,16:00,takto 13,VNA,1.978004368124302e-24,1.978004368124302e-24,0.0,0.0,3_2020012216,4.20788147253326e-25,8.019270898974935e-32,2.7495234130684225e-22,1.0021193103155686e-27,2.7488667333161214e-22,8.240674586551182e-27,16:45
22/01/2020,06:00,takto 14,-,0.0,0.0,0.0,0.0,4_2020012206,0.0014904772122471617,0.0,0.021307543811984176,3.78238444194512e-05,0.01969267016056774,0.000298657073116142,06:00
22/01/2020,06:00,takto 14,OUT,0.9672076157993734,0.0,0.0,0.9672076157993734,4_2020012206,0.001465099439978941,0.0,0.02016872358614955,3.5389353495698306e-05,0.018568644213614153,0.0002878404432920677,06:15
22/01/2020,06:00,takto 14,VA,0.0017323404138810017,0.0,0.0017323404138810017,0.0,4_2020012206,0.0019425472305891172,0.0,0.023756891527403033,5.242702647802828e-05,0.02168574183350476,0.00038516212344748063,06:30
22/01/2020,06:00,takto 14,VNA,0.03106004378674534,0.03106004378674534,0.0,0.0,4_2020012206,0.0020312377727087867,7.864231937158058e-07,0.02269861621639862,0.00012430478159517052,0.020493492687030698,0.0005244871460555725,06:45
22/01/2020,07:00,takto 14,-,0.0,0.0,0.0,0.0,4_2020012207,8.408694688667795e-06,0.0,0.0006408473801422498,1.196180502995405e-07,0.0006342199660447687,1.171287566621774e-06,07:00
22/01/2020,07:00,takto 14,OUT,0.9998137513078694,0.0,0.0,0.9998137513078694,4_2020012207,8.165760257666961e-06,0.0,0.0007653012909761434,1.0860740150974314e-07,0.0007585777131783015,1.1376126841055363e-06,07:15
22/01/2020,07:00,takto 14,VA,9.674048470346043e-06,0.0,9.674048470346043e-06,0.0,4_2020012207,1.0877301671964216e-05,0.0,0.0005987944209480733,1.8858711606490482e-07,0.0005899752127770003,1.5890450638462715e-06,07:30
22/01/2020,07:00,takto 14,VNA,0.0001765746436623601,0.0001765746436623601,0.0,0.0,4_2020012207,1.1244437263085198e-05,1.2972491876394575e-09,0.0007362389591245858,4.6320987230321274e-07,0.0007269282771641368,2.1495267698292177e-06,07:45
22/01/2020,08:00,takto 14,-,0.0,0.0,0.0,0.0,4_2020012208,4.7184814526350365e-08,0.0,5.391707496196504e-06,3.9416804040413186e-10,5.363339730763146e-06,4.622225132263117e-09,08:00
22/01/2020,08:00,takto 14,OUT,0.9999989319524688,0.0,0.0,0.9999989319524688,4_2020012208,4.446717469097053e-08,0.0,4.915988891158098e-06,3.412355697139199e-10,4.888017068124965e-06,4.497096534287012e-09,08:15
22/01/2020,08:00,takto 14,VA,5.3978315351072035e-08,0.0,5.3978315351072035e-08,0.0,4_2020012208,6.269500798985269e-08,0.0,8.437135826385736e-06,6.512532429644943e-10,8.398161634065232e-06,6.624660880503354e-09,08:30
22/01/2020,08:00,takto 14,VNA,1.0140692119132173e-06,1.0140692119132173e-06,0.0,0.0,4_2020012208,6.156626419711457e-08,1.5454058743056905e-12,6.6244844606377335e-06,1.789935581850096e-09,6.582649701328537e-06,8.881787903106508e-09,08:45
22/01/2020,09:00,takto 14,-,0.0,0.0,0.0,0.0,4_2020012209,2.5802494310427503e-10,0.0,6.20053445784854e-08,1.3731477944358937e-12,6.188435497202106e-08,1.8271994095548265e-11,09:00
22/01/2020,09:00,takto 14,OUT,0.9999999939752654,0.0,0.0,0.9999999939752654,4_2020012209,2.550064086217806e-10,0.0,6.472534798517709e-08,1.136219619768172e-12,6.460532033010478e-08,1.816120603278585e-11,09:15
22/01/2020,09:00,takto 14,VA,3.013318405344491e-10,0.0,3.013318405344491e-10,0.0,4_2020012209,3.6117506704721037e-10,0.0,6.46980626461679e-08,2.351674422815634e-12,6.452304207789905e-08,2.7200145185178397e-11,09:30
22/01/2020,09:00,takto 14,VNA,5.723400511128845e-09,5.723400511128845e-09,0.0,0.0,4_2020012209,3.3112094336453045e-10,5.761418219537396e-15,4.4666991848576406e-08,6.84796388022892e-12,4.448495475293051e-08,3.5935374692516694e-11,09:45
22/01/2020,10:00,takto 14,-,0.0,0.0,0.0,0.0,4_2020012210,1.3923127612933316e-12,0.0,2.6905211548791406e-10,4.4822604116783366e-15,2.6851721211815043e-10,7.500495773059917e-14,10:00
22/01/2020,10:00,takto 14,OUT,0.9999999999642848,0.0,0.0,0.9999999999642848,4_2020012210,1.5220563459420478e-12,0.0,7.763854327795044e-10,4.012124821704575e-15,7.758528748938561e-10,7.263323312233913e-14,10:15
22/01/2020,10:00,takto 14,VA,1.7904595457253226e-12,0.0,1.7904595457253226e-12,0.0,4_2020012210,2.1930629713367487e-12,0.0,1.6152238394783022e-09,8.186935552999041e-15,1.614440744985785e-09,1.118667995422866e-13,10:30
22/01/2020,10:00,takto 14,VNA,3.4042397471369506e-11,3.4042397471369506e-11,0.0,0.0,4_2020012210,2.0544061043291617e-12,1.4289370804834106e-17,1.0354020081731377e-09,2.692770462292942e-14,1.0345776895509143e-09,1.5166617149812912e-13,10:45
22/01/2020,11:00,takto 14,-,0.0,0.0,0.0,0.0,4_2020012211,7.585789205193054e-15,0.0,3.806556210710156e-12,1.5818352095125428e-17,3.804196228357182e-12,2.9345781737962154e-16,11:00
22/01/2020,11:00,takto 14,OUT,0.9999999999998321,0.0,0.0,0.9999999999998321,4_2020012211,7.990907313374493e-15,0.0,3.2089321735715166e-12,1.4104422814259597e-17,3.206517163623089e-12,3.0341612725837897e-16,11:15
22/01/2020,11:00,takto 14,VA,9.777569095741078e-15,0.0,9.777569095741078e-15,0.0,4_2020012211,1.1745302067571939e-14,0.0,7.378283175995982e-12,2.932537215898535e-17,7.374881547385406e-12,4.4089346141449576e-16,11:30
22/01/2020,11:00,takto 14,VNA,1.9504165591869343e-13,1.9504165591869343e-13,0.0,0.0,4_2020012211,1.1788277796824829e-14,3.2174750863536556e-20,7.43086545492936e-12,1.0155963399528284e-16,7.427197689463459e-12,6.260054172199214e-16,11:45
22/01/2020,12:00,takto 14,-,0.0,0.0,0.0,0.0,4_2020012212,4.2206067512841656e-17,0.0,1.9961146702084893e-14,5.465595727609577e-20,1.9950394188216313e-14,1.2366671549197687e-18,12:00
22/01/2020,12:00,takto 14,OUT,0.9999999999999998,0.0,0.0,0.9999999999999998,4_2020012212,4.982084071911403e-17,0.0,2.5890656796255466e-14,4.7678666264133856e-20,2.5879794343888136e-14,1.2179362961471047e-18,12:15
22/01/2020,12:00,takto 14,VA,6.068088373376578e-17,0.0,6.068088373376578e-17,0.0,4_2020012212,7.717915666877307e-17,0.0,1.918921754983467e-13,1.0745706825500497e-19,1.9187745070901332e-13,1.7970768103137453e-18,12:30
22/01/2020,12:00,takto 14,VNA,1.1075958401871407e-15,1.1075958401871407e-15,0.0,0.0,4_2020012212,7.351747003433435e-17,5.969027559645303e-23,7.526251110098849e-14,3.91465487308984e-19,7.52456524387322e-14,2.5974097226482507e-18,12:45
22/01/2020,13:00,takto 14,-,0.0,0.0,0.0,0.0,4_2020012213,2.359162154172769e-19,0.0,1.3526551479607302e-16,1.9106905488816912e-22,1.3521646354011387e-16,5.152727124798375e-21,13:00
22/01/2020,13:00,takto 14,OUT,1.0,0.0,0.0,1.0,4_2020012213,2.4968809044781187e-19,0.0,9.598288208257066e-17,1.630454390442515e-22,9.59373726734574e-17,4.841159069275774e-21,13:15
22/01/2020,13:00,takto 14,VA,3.108100575192532e-19,0.0,3.108100575192532e-19,0.0,4_2020012213,3.5539158192285806e-19,0.0,3.009810850540491e-16,3.874541921337414e-22,3.0091620907971995e-16,7.221708869304315e-21,13:30
22/01/2020,13:00,takto 14,VNA,6.281331246569441e-18,6.281331246569441e-18,0.0,0.0,4_2020012213,4.0224434228906584e-19,8.210434916121234e-26,2.9737908420272257e-16,1.5041798036282298e-21,2.973025145104683e-16,1.104002540593382e-20,13:45
22/01/2020,14:00,takto 14,-,0.0,0.0,0.0,0.0,4_2020012214,1.3862069401590757e-21,0.0,9.222253486594426e-19,6.695062516365469e-25,9.22005398420587e-19,2.0640567071996872e-23,14:00
22/01/2020,14:00,takto 14,OUT,1.0,0.0,0.0,1.0,4_2020012214,1.2014605923352528e-21,0.0,5.362114824420264e-19,5.581271633217793e-25,5.3601285403196895e-19,1.838646595942671e-23,14:15
22/01/2020,14:00,takto 14,VA,1.7619301191734245e-21,0.0,1.7619301191734245e-21,0.0,4_2020012214,2.229829483258702e-21,0.0,3.686646040458668e-18,1.3445507794163224e-24,3.686354423531787e-18,3.0134602289745916e-23,14:30
22/01/2020,14:00,takto 14,VNA,3.5005724588476073e-20,3.5005724588476073e-20,0.0,0.0,4_2020012214,2.2302234609406667e-21,4.676929285703515e-28,3.954235831858923e-18,5.821679467170953e-24,3.953889785358386e-18,4.602896538738557e-23,14:45
22/01/2020,15:00,takto 14,-,0.0,0.0,0.0,0.0,4_2020012215,7.398752364989739e-24,0.0,3.727272833010207e-21,2.4184337492531817e-27,3.726303157154959e-21,7.890624250655984e-26,15:00
22/01/2020,15:00,takto 14,OUT,1.0,0.0,0.0,1.0,4_2020012215,5.838513043782821e-24,0.0,3.2343298841181092e-21,2.005586035543464e-27,3.2334460034676793e-21,7.369739279587088e-26,15:15
22/01/2020,15:00,takto 14,VA,1.027972098683849e-23,0.0,1.027972098683849e-23,0.0,4_2020012215,1.822632347426792e-23,0.0,4.2247469597061216e-20,5.082416816384525e-27,4.224613035939046e-20,1.201286773188345e-25,15:30
22/01/2020,15:00,takto 14,VNA,1.9887445965583485e-22,1.9887445965583485e-22,0.0,0.0,4_2020012215,9.655295064313482e-24,8.165226549442278e-31,7.254670610047923e-21,2.2167509620249248e-26,7.253132924154924e-21,1.857566025776677e-25,15:45
22/01/2020,16:00,takto 14,-,0.0,0.0,0.0,0.0,4_2020012216,4.616736614822926e-26,0.0,3.979998564578158e-23,8.707871690082589e-30,3.9795856137286454e-23,3.2882757998547146e-28,16:00
22/01/2020,16:00,takto 14,OUT,1.0,0.0,0.0,1.0,4_2020012216,3.3243761808734897e-26,0.0,2.876495210626249e-23,7.185677371776186e-30,2.8761281645891193e-23,2.9401611261596198e-28,16:15
22/01/2020,16:00,takto 14,VA,5.814388673563925e-26,0.0,5.814388673563925e-26,0.0,4_2020012216,9.694324164556398e-26,0.0,2.4586183294702033e-22,1.8953291026964856e-29,2.4585601983292647e-22,4.963818706464024e-28,16:30
22/01/2020,16:00,takto 14,VNA,1.1907987214228808e-24,1.1907987214228808e-24,0.0,0.0,4_2020012216,5.622117734002885e-26,5.552071724088445e-33,3.4336432797985237e-23,8.727254900070299e-29,3.432961877266804e-23,7.837990638578682e-28,16:45
22/01/2020,06:00,takto 15,-,0.0,0.0,0.0,0.0,5_2020012206,0.014146271819529656,0.0,0.11573845229574449,0.0012423941644888726,0.09870348742606774,0.003923171140092415,06:00
22/01/2020,06:00,takto 15,OUT,0.9171392660907287,0.0,0.0,0.9171392660907287,5_2020012206,0.015457706634742203,8.803753471596224e-06,0.11897918881874908,0.0018649681448805408,0.0997615706915267,0.005797596146390062,06:15
22/01/2020,06:00,takto 15,VA,0.01558707126122232,0.0,0.01558707126122232,0.0,5_2020012206,0.01704655998860855,0.0,0.12054932126356571,0.001536980655494469,0.09698089944231011,0.006108938103877445,06:30
22/01/2020,06:00,takto 15,VNA,0.06727366264804951,0.06727366264804951,0.0,0.0,5_2020012206,0.01569774660200888,0.0,0.11736367468206091,0.0008592624546934902,0.09649520277142241,0.0042365636022099916,06:45
22/01/2020,07:00,takto 15,-,0.0,0.0,0.0,0.0,5_2020012207,0.00022877218107401185,0.0,0.007658440679696163,1.4224411983119967e-05,0.007410281107611938,6.350040763310057e-05,07:00
22/01/2020,07:00,takto 15,OUT,0.99890393089883,0.0,0.0,0.99890393089883,5_2020012207,0.00021367986510100948,0.0,0.009023124161225669,7.718167385562431e-06,0.008803966194677245,4.446329413570646e-05,07:15
22/01/2020,07:00,takto 15,VA,0.00020860075795041516,0.0,0.00020860075795041516,0.0,5_2020012207,0.00018757009166323548,0.0,0.006140898288936362,1.0868596198174714e-05,0.005963046709485609,3.9978903765659616e-05,07:30
22/01/2020,07:00,takto 15,VNA,0.0008874683432181748,0.0008874683432181748,0.0,0.0,5_2020012207,0.00020438089396340386,2.113314212294434e-08,0.006170422406056704,1.5708383547642373e-05,0.005962032098499374,5.763567544454685e-05,07:45
22/01/2020,08:00,takto 15,-,0.0,0.0,0.0,0.0,5_2020012208,2.5765386748349345e-06,0.0,0.00028876230620070723,1.0098616975597151e-07,0.00028684620489016364,4.2495558098356526e-07,08:00
22/01/2020,08:00,takto 15,OUT,0.9999856647732588,0.0,0.0,0.9999856647732588,5_2020012208,2.66106936489815e-06,1.487161123704607e-10,0.00035189498758331423,1.4580630816743828e-07,0.0003496414523895702,5.947853911676111e-07,08:15
22/01/2020,08:00,takto 15,VA,2.7917401954418366e-06,0.0,2.7917401954418366e-06,0.0,5_2020012208,3.0360361854073895e-06,0.0,0.00021903950960884758,1.1599662254439917e-07,0.00021632305421933116,6.319667231515798e-07,08:30
22/01/2020,08:00,takto 15,VNA,1.1543486541744269e-05,1.1543486541744269e-05,0.0,0.0,5_2020012208,2.8933165566268715e-06,0.0,0.0002178100580076439,6.444894510185315e-08,0.000215500906030509,4.4069934856660367e-07,08:45
22/01/2020,09:00,takto 15,-,0.0,0.0,0.0,0.0,5_2020012209,4.0617146525529945e-08,0.0,3.916057831623958e-06,1.1021867976972893e-09,3.88691372827778e-06,6.296089716363902e-09,09:00
22/01/2020,09:00,takto 15,OUT,0.9999998109648826,0.0,0.0,0.9999998109648826,5_2020012209,3.85612402199524e-08,0.0,5.610849888649087e-06,6.127217910424141e-10,5.585506794590618e-06,4.514541393703874e-09,09:15
22/01/2020,09:00,takto 15,VA,3.773292432825965e-08,0.0,3.773292432825965e-08,0.0,5_2020012209,3.590123297306611e-08,0.0,1.0847853910904166e-05,9.218744021516366e-10,1.0826641166422676e-05,4.458683670147348e-09,09:30
22/01/2020,09:00,takto 15,VNA,1.5130219447869241e-07,1.5130219447869241e-07,0.0,0.0,5_2020012209,3.585207759449014e-08,6.297027685261118e-13,2.0807918107000106e-05,1.2886288574297213e-09,2.0783322081930768e-05,5.895004425382011e-09,09:45
22/01/2020,10:00,takto 15,-,0.0,0.0,0.0,0.0,5_2020012210,4.925518899038542e-10,0.0,1.2083548321149644e-07,9.089297680471849e-12,1.2060165614095087e-07,4.607194775390877e-11,10:00
22/01/2020,10:00,takto 15,OUT,0.9999999975466076,0.0,0.0,0.9999999975466076,5_2020012210,4.93491847705702e-10,4.8329678705912305e-15,2.960459116612215e-07,1.2501053261832354e-11,2.957638153848134e-07,6.132879163851603e-11,10:15
22/01/2020,10:00,takto 15,VA,4.979646115507052e-10,0.0,4.979646115507052e-10,0.0,5_2020012210,5.403988425573257e-10,0.0,2.496340878336147e-07,9.33841309168862e-12,2.49336762237485e-07,5.8159069757687865e-11,10:30
22/01/2020,10:00,takto 15,VNA,1.9554268953569864e-09,1.9554268953569864e-09,0.0,0.0,5_2020012210,4.654158660359389e-10,0.0,1.1381589254051341e-07,5.766705197335727e-12,1.1356213306454872e-07,4.1779573463367944e-11,10:45
22/01/2020,11:00,takto 15,-,0.0,0.0,0.0,0.0,5_2020012211,7.673773488661183e-12,0.0,6.560165070841502e-09,8.795602365103096e-14,6.556874686101659e-09,6.011187973586176e-13,11:00
22/01/2020,11:00,takto 15,OUT,0.9999999999677562,0.0,0.0,0.9999999999677562,5_2020012211,6.188139043058787e-12,0.0,1.531488069287663e-09,5.654725434113732e-14,1.5287706996589467e-09,4.387451556880144e-13,11:15
22/01/2020,11:00,takto 15,VA,6.399156083282548e-12,0.0,6.399156083282548e-12,0.0,5_2020012211,5.7187528087900215e-12,0.0,8.97823927656916e-10,8.151532517179384e-14,8.955369127901503e-10,4.345188110449925e-13,11:30
22/01/2020,11:00,takto 15,VNA,2.594573203665005e-11,2.594573203665005e-11,0.0,0.0,5_2020012211,6.0159589926202e-12,7.065124959998392e-17,3.20465210112833e-09,1.1004963621885321e-13,3.2018107195696113e-09,5.827873362545286e-13,11:45
22/01/2020,12:00,takto 15,-,0.0,0.0,0.0,0.0,5_2020012212,7.381276920740276e-14,0.0,3.213328762125452e-11,8.024670461482506e-16,3.210708568188487e-11,4.60712196612506e-15,12:00
22/01/2020,12:00,takto 15,OUT,0.999999999999641,0.0,0.0,0.999999999999641,5_2020012212,8.0905973782793e-14,3.6099770244431534e-19,7.829644891818854e-11,1.0623807839308917e-15,7.826491087478686e-11,5.941122595897174e-15,12:15
22/01/2020,12:00,takto 15,VA,8.53054295614605e-14,0.0,8.53054295614605e-14,0.0,5_2020012212,1.0709118127714823e-13,0.0,1.608202528925623e-10,7.686872995200047e-16,1.607870094531927e-10,5.7289415075474315e-15,12:30
22/01/2020,12:00,takto 15,VNA,3.380103605757475e-13,3.380103605757475e-13,0.0,0.0,5_2020012212,7.9411793978498e-14,0.0,3.592874891405795e-11,5.14746080689463e-16,3.5901394413641595e-11,4.05436580451254e-15,12:45
22/01/2020,13:00,takto 15,-,0.0,0.0,0.0,0.0,5_2020012213,1.4418982533600175e-15,0.0,3.217970477387848e-12,7.665693212672616e-18,3.2176036251903287e-12,5.850211966439207e-17,13:00
22/01/2020,13:00,takto 15,OUT,0.999999999999998,0.0,0.0,0.999999999999998,5_2020012213,1.0533391728145492e-15,0.0,3.505212623422237e-13,4.962481338279225e-18,3.502193322903473e-13,4.112592437328589e-17,13:15
22/01/2020,13:00,takto 15,VA,1.0776080569616491e-15,0.0,1.0776080569616491e-15,0.0,5_2020012213,8.238700471408726e-16,0.0,1.5755034910125468e-13,7.422125189253079e-18,1.5728717589514565e-13,4.3793073266658563e-17,13:30
22/01/2020,13:00,takto 15,VNA,4.674822652808326e-15,4.674822652808326e-15,0.0,0.0,5_2020012213,9.913247545311571e-16,2.3095701796825395e-21,7.694435681085549e-13,9.634694319894924e-18,7.691281558390761e-13,5.7933651547799e-17,13:45
22/01/2020,14:00,takto 15,-,0.0,0.0,0.0,0.0,5_2020012214,1.0425625164380553e-17,0.0,4.132962903500464e-15,7.210809433368583e-20,4.130040113835575e-15,4.657750819034286e-19,14:00
22/01/2020,14:00,takto 15,OUT,1.0,0.0,0.0,1.0,5_2020012214,1.327588208726597e-17,1.1865768911271707e-23,1.2821202966989425e-14,9.501402196329871e-20,1.2817732104291828e-14,6.077212236287922e-19,14:15
22/01/2020,14:00,takto 15,VA,1.4540059423366824e-17,0.0,1.4540059423366824e-17,0.0,5_2020012214,2.177358381275211e-17,0.0,6.751565321532219e-14,6.978812124106852e-20,6.751186195972796e-14,5.647361568820676e-19,14:30
22/01/2020,14:00,takto 15,VNA,6.693712218726222e-17,6.693712218726222e-17,0.0,0.0,5_2020012214,1.2685146629068676e-17,0.0,1.0388885833865971e-14,4.6006753293404406e-20,1.0385897280072958e-14,3.9246769854669405e-19,14:45
22/01/2020,15:00,takto 15,-,0.0,0.0,0.0,0.0,5_2020012215,2.4947606772837463e-19,0.0,2.9173508012335993e-16,6.696177313842755e-22,2.916940517415948e-16,5.566235935925201e-21,15:00
22/01/2020,15:00,takto 15,OUT,1.0,0.0,0.0,1.0,5_2020012215,1.7560405127813813e-19,0.0,1.3633034182119863e-16,4.488830428302915e-22,1.3629785330158872e-16,4.023551914575487e-21,15:15
22/01/2020,15:00,takto 15,VA,1.8020387011062304e-19,0.0,1.8020387011062304e-19,0.0,5_2020012215,1.270481338242159e-19,0.0,7.841856462977263e-17,6.658272146571362e-22,7.838905822250686e-17,4.395711349656433e-21,15:30
22/01/2020,15:00,takto 15,VNA,9.013897275249336e-19,9.013897275249336e-19,0.0,0.0,5_2020012215,1.6868722761176351e-19,5.124227118955516e-26,1.9445804768742705e-16,8.726414989383652e-22,1.9442285949790634e-16,5.792295251070874e-21,15:45
22/01/2020,16:00,takto 15,-,0.0,0.0,0.0,0.0,5_2020012216,1.5632697093605983e-21,0.0,6.025665788699135e-19,6.429343096354156e-24,6.022417625952915e-19,4.572826256750058e-23,16:00
22/01/2020,16:00,takto 15,OUT,1.0,0.0,0.0,1.0,5_2020012216,2.11590768962175e-21,1.578179088208931e-28,1.7278226879563069e-18,8.358680302408876e-24,1.7274252784027988e-18,5.89695009717746e-23,16:15
22/01/2020,16:00,takto 15,VA,2.22180951094557e-21,0.0,2.22180951094557e-21,0.0,5_2020012216,2.963183352590166e-21,0.0,3.6475804613910904e-18,5.9576729841851055e-24,3.6471715767679915e-18,5.500818397015702e-23,16:30
22/01/2020,16:00,takto 15,VNA,1.0698044546931631e-20,1.0698044546931631e-20,0.0,0.0,5_2020012216,2.2448772922097662e-21,0.0,3.1433360348307098e-18,4.1660904495017795e-24,3.1430245767673243e-18,3.7914936635397076e-23,16:45
22/01/2020,17:00,takto 15,-,0.0,0.0,0.0,0.0,5_2020012217,3.260710222188095e-23,0.0,2.0942204604482047e-20,5.752466517511696e-26,2.0937760782882445e-20,5.486616038321032e-25,17:00
22/01/2020,17:00,takto 15,OUT,1.0,0.0,0.0,1.0,5_2020012217,3.051707485308156e-23,0.0,5.42774487670639e-20,3.9311152443485456e-26,5.427401362669581e-20,3.877161918350755e-25,17:15
22/01/2020,17:00,takto 15,VA,2.669473236831217e-23,0.0,2.669473236831217e-23,0.0,5_2020012217,1.8615749184642632e-23,0.0,7.52780500732474e-21,5.999762229404533e-26,7.524614779466515e-21,4.3612779089790275e-25,17:30
22/01/2020,17:00,takto 15,VNA,1.2679908806130265e-22,1.2679908806130265e-22,0.0,0.0,5_2020012217,2.5039003213643524e-23,0.0,2.708045643470692e-20,7.059721685881268e-26,2.707648781030275e-20,5.665276714948637e-25,17:45
22/01/2020,18:00,takto 15,-,0.0,0.0,0.0,0.0,5_2020012218,2.411841598856643e-25,0.0,1.033487799935706e-22,5.79898212268831e-28,1.0331399262367982e-22,4.377941030048699e-27,18:00
22/01/2020,18:00,takto 15,OUT,1.0,0.0,0.0,1.0,5_2020012218,3.5126512374840446e-25,0.0,1.9530941033404362e-22,7.017090414790376e-28,1.9526571626564255e-22,5.852428892118007e-27,18:15
22/01/2020,18:00,takto 15,VA,3.590945750632816e-25,0.0,3.590945750632816e-25,0.0,5_2020012218,5.133586481875225e-25,0.0,8.441599167106714e-22,4.863446499598291e-28,8.441157000774956e-22,4.8795440756773355e-27,18:30
22/01/2020,18:00,takto 15,VNA,1.7574793758938742e-24,1.7574793758938742e-24,0.0,0.0,5_2020012218,3.305703684315351e-25,0.0,3.1344722256133836e-22,3.4218998894909194e-28,3.1341391227999674e-22,3.48268249847663e-27,18:45
22/01/2020,19:00,takto 15,-,0.0,0.0,0.0,0.0,5_2020012219,2.5401344166988322e-26,1.7507897635654684e-32,1.3866885630860565e-23,7.140857221247919e-29,1.3863739391056092e-23,4.590684965784682e-28,19:00
22/01/2020,19:00,takto 15,OUT,1.0,0.0,0.0,1.0,5_2020012219,1.6199276789615034e-26,6.854972412505783e-33,4.589139294387936e-24,6.452321186960063e-29,4.58576285382706e-24,4.683527603410033e-28,19:15
22/01/2020,19:00,takto 15,VA,1.7993756918275966e-26,0.0,1.7993756918275966e-26,0.0,5_2020012219,1.2809112958882153e-26,4.02641559422e-33,4.603950645069919e-24,5.784850220471035e-29,4.60129474970154e-24,3.794176510476812e-28,19:30
22/01/2020,19:00,takto 15,VNA,8.938029642481698e-26,8.938029642481698e-26,0.0,0.0,5_2020012219,1.7565293757618355e-26,3.271907525637896e-32,3.6581732379841696e-24,8.503274299256782e-29,3.654591019600762e-24,5.261391676196252e-28,19:45
22/01/2020,06:00,takto 16,-,0.0,0.0,0.0,0.0,6_2020012206,0.0015325534855021204,0.0,0.021233784414048853,3.95377990608894e-05,0.019595424230499345,0.0002981547817764444,06:00
22/01/2020,06:00,takto 16,OUT,0.967009979462881,0.0,0.0,0.967009979462881,6_2020012206,0.0014654492838444993,0.0,0.020319036698429417,3.5581354407534885e-05,0.01871135910919421,0.0002926359990234596,06:15
22/01/2020,06:00,takto 16,VA,0.0017372569619783264,0.0,0.0017372569619783264,0.0,6_2020012206,0.001932214154539703,0.0,0.02390822184189788,5.638015669580355e-05,0.021849565962500473,0.0003888709202955477,06:30
22/01/2020,06:00,takto 16,VNA,0.03125276357513608,0.03125276357513608,0.0,0.0,6_2020012206,0.0020188109240269823,1.349960354818241e-06,0.02243983437295404,0.00012407428345000214,0.020233323504971455,0.0005269052784959117,06:45
22/01/2020,07:00,takto 16,-,0.0,0.0,0.0,0.0,6_2020012207,8.559973997840435e-06,0.0,0.0005514035623048647,1.3159043548361618e-07,0.0005444289009434424,1.2419684705084992e-06,07:00
22/01/2020,07:00,takto 16,OUT,0.99981280041728,0.0,0.0,0.99981280041728,6_2020012207,8.245502758771147e-06,0.0,0.0006342017568770972,1.0997053250223689e-07,0.000627530996367094,1.1636376862019605e-06,07:15
22/01/2020,07:00,takto 16,VA,9.829467009552913e-06,0.0,9.829467009552913e-06,0.0,6_2020012207,1.0980135406398469e-05,0.0,0.0007990525664972425,1.8565790654998033e-07,0.0007899916189569939,1.6227703767109146e-06,07:30
22/01/2020,07:00,takto 16,VNA,0.0001773701157101728,0.0001773701157101728,0.0,0.0,6_2020012207,1.1532255875201599e-05,1.8458309403403942e-09,0.0010577432934066153,4.878486913596932e-07,0.0010481596675775244,2.2075746234898855e-06,07:45
22/01/2020,08:00,takto 16,-,0.0,0.0,0.0,0.0,6_2020012208,4.962275556503073e-08,0.0,5.909873303956876e-06,4.4583606564756173e-10,5.879778623440924e-06,5.039762216811182e-09,08:00
22/01/2020,08:00,takto 16,OUT,0.9999989506705037,0.0,0.0,0.9999989506705037,6_2020012208,4.590381455408761e-08,0.0,6.173836904736781e-06,3.633086629194329e-10,6.143993730199942e-06,4.800010839707707e-09,08:15
22/01/2020,08:00,takto 16,VA,5.4716442622873196e-08,0.0,5.4716442622873196e-08,0.0,6_2020012208,6.128678964038016e-08,0.0,8.449977560391735e-06,6.559471172869402e-10,8.411135640679228e-06,6.576863772093637e-09,08:30
22/01/2020,08:00,takto 16,VNA,9.946130514038414e-07,9.946130514038414e-07,0.0,0.0,6_2020012208,6.20524107319943e-08,1.6264578539281653e-12,6.428981418268666e-06,1.878657321966972e-09,6.38710771856848e-06,9.0267796058798e-09,08:45
22/01/2020,09:00,takto 16,-,0.0,0.0,0.0,0.0,6_2020012209,2.8045304242253806e-10,0.0,1.040220489284334e-07,1.5607733535764633e-12,1.0388831038857767e-07,2.004262519076357e-11,09:00
22/01/2020,09:00,takto 16,OUT,0.9999999940893143,0.0,0.0,0.9999999940893143,6_2020012209,2.5310428653378646e-10,0.0,2.7794698670497948e-08,1.2215848682052498e-12,2.766499799670006e-08,1.936476069193086e-11,09:15
22/01/2020,09:00,takto 16,VA,2.9772622355916175e-10,0.0,2.9772622355916175e-10,0.0,6_2020012209,3.3450368241896763e-10,0.0,5.82668811201325e-08,2.227036611253929e-12,5.8099553879107826e-08,2.6083981374129836e-11,09:30
22/01/2020,09:00,takto 16,VNA,5.6129561473947786e-09,5.6129561473947786e-09,0.0,0.0,6_2020012209,3.228438828613548e-10,1.5066356828001436e-15,6.579356747444968e-08,7.313240182575944e-12,6.561156160710192e-08,3.690584926507766e-11,09:45
22/01/2020,10:00,takto 16,-,0.0,0.0,0.0,0.0,6_2020012210,1.4380794854246073e-12,0.0,4.1730521570280074e-10,5.402304752639603e-15,4.1674536231420934e-10,8.03865341691226e-14,10:00
22/01/2020,10:00,takto 16,OUT,0.9999999999664001,0.0,0.0,0.9999999999664001,6_2020012210,1.4805471369944668e-12,0.0,7.163447155827522e-10,4.1025323824289276e-15,7.157686393184778e-10,7.6775777056271e-14,10:15
22/01/2020,10:00,takto 16,VA,1.7046309512221853e-12,0.0,1.7046309512221853e-12,0.0,6_2020012210,2.0833718319570305e-12,0.0,1.0321768123284374e-09,8.190985954178413e-15,1.0314310575718016e-09,1.0957156431690004e-13,10:30
22/01/2020,10:00,takto 16,VNA,3.2011045286626164e-11,3.2011045286626164e-11,0.0,0.0,6_2020012210,1.8165253505126372e-12,1.7312963021934704e-18,1.1420663532156355e-09,2.8208479155157763e-14,1.1412425379838252e-09,1.5569602466256207e-13,10:45
22/01/2020,11:00,takto 16,-,0.0,0.0,0.0,0.0,6_2020012211,8.239376370050378e-15,0.0,3.08528950453556e-12,1.7548059937000968e-17,3.082835776770931e-12,3.1604649516647146e-16,11:00
22/01/2020,11:00,takto 16,OUT,0.9999999999998451,0.0,0.0,0.9999999999998451,6_2020012211,7.977924326946794e-15,0.0,2.91073025247775e-12,1.3977696018970235e-17,2.908323406262048e-12,3.065070850738253e-16,11:15
22/01/2020,11:00,takto 16,VA,9.409366135627895e-15,0.0,9.409366135627895e-15,0.0,6_2020012211,1.1412026666209129e-14,0.0,4.7576765202559726e-12,2.8891668270596355e-17,4.754253950039424e-12,4.474210357317041e-16,11:30
22/01/2020,11:00,takto 16,VNA,1.8281934148581496e-13,1.8281934148581496e-13,0.0,0.0,6_2020012211,1.0008137179305273e-14,1.1259514463554871e-20,3.64451595503823e-12,1.0566105783886774e-16,3.6407531758185235e-12,6.375795870506504e-16,11:45
22/01/2020,12:00,takto 16,-,0.0,0.0,0.0,0.0,6_2020012212,4.550062543858108e-17,0.0,1.7168182269719186e-14,6.14838059736248e-20,1.715746561146617e-14,1.2880403813065952e-18,12:00
22/01/2020,12:00,takto 16,OUT,0.9999999999999999,0.0,0.0,0.9999999999999999,6_2020012212,4.886615183198891e-17,0.0,2.6446064430894042e-14,5.1038345429289717e-20,2.6435368926887396e-14,1.2116197009463961e-18,12:15
22/01/2020,12:00,takto 16,VA,5.729150138877374e-17,0.0,5.729150138877374e-17,0.0,6_2020012212,7.249960591324063e-17,0.0,3.0872458425056385e-14,1.0803017277670457e-19,3.085731887085275e-14,1.7874341022752253e-18,12:30
22/01/2020,12:00,takto 16,VNA,1.0419374202397133e-15,1.0419374202397133e-15,0.0,0.0,6_2020012212,6.229962237128435e-17,5.673009645477615e-23,3.7756409288575856e-14,4.086839677067582e-19,3.773980619503326e-14,2.634601837935895e-18,12:45
22/01/2020,13:00,takto 16,-,0.0,0.0,0.0,0.0,6_2020012213,2.461544784768666e-19,0.0,8.578380910136319e-17,2.308970566398194e-22,8.573536923661696e-17,5.2233088571812046e-21,13:00
22/01/2020,13:00,takto 16,OUT,1.0,0.0,0.0,1.0,6_2020012213,2.6240015641976443e-19,0.0,1.1671538574205946e-16,1.7832758387098516e-22,1.166672295529574e-16,4.938943654916772e-21,13:15
22/01/2020,13:00,takto 16,VA,3.31326245610879e-19,0.0,3.31326245610879e-19,0.0,6_2020012213,4.2179731383023563e-19,0.0,3.1046180565074294e-16,3.9574927952127885e-22,3.103939937893286e-16,7.426005675759485e-21,13:30
22/01/2020,13:00,takto 16,VNA,5.788091515351476e-18,5.788091515351476e-18,0.0,0.0,6_2020012213,3.9495303371664934e-19,2.4302044836755986e-25,2.8953345328480706e-16,1.6244643597156817e-21,2.8945885629791673e-16,1.1217344403670734e-20,13:45
22/01/2020,14:00,takto 16,-,0.0,0.0,0.0,0.0,6_2020012214,1.3937188835692224e-21,0.0,1.0852586086765551e-18,8.475091069204203e-25,1.085044276802078e-18,2.133085993441581e-23,14:00
22/01/2020,14:00,takto 16,OUT,1.0,0.0,0.0,1.0,6_2020012214,1.6789143776627763e-21,0.0,1.1282216566052603e-18,5.935308793631742e-25,1.128006637611134e-18,2.0763170912816044e-23,14:15
22/01/2020,14:00,takto 16,VA,1.9363707473758212e-21,0.0,1.9363707473758212e-21,0.0,6_2020012214,2.4224321305942974e-21,0.0,1.6006006474216593e-18,1.3878979459571581e-24,1.6003012765656167e-18,2.999839463773793e-23,14:30
22/01/2020,14:00,takto 16,VNA,3.305382635105805e-20,3.305382635105805e-20,0.0,0.0,6_2020012214,2.2504175976769884e-21,2.8675267006758934e-28,3.006759856783544e-18,6.203329471708104e-24,3.0064160032610126e-18,4.6614346726544235e-23,14:45
22/01/2020,15:00,takto 16,-,0.0,0.0,0.0,0.0,6_2020012215,7.096815481843316e-24,0.0,8.844095621934996e-21,2.882484965675098e-27,8.843180796326199e-21,8.421815805911731e-26,15:00
22/01/2020,15:00,takto 16,OUT,1.0,0.0,0.0,1.0,6_2020012215,9.155928526517691e-24,0.0,8.181109818425691e-21,2.0750797454972962e-27,8.180110014306303e-21,8.315126377379308e-26,15:15
22/01/2020,15:00,takto 16,VA,1.1289807869823073e-23,0.0,1.1289807869823073e-23,0.0,6_2020012215,1.6964344723959315e-23,0.0,2.5342117300135098e-20,5.194337535954335e-27,2.5340848098903426e-20,1.2265498736661777e-25,15:30
22/01/2020,15:00,takto 16,VNA,1.7954541082231967e-22,1.7954541082231967e-22,0.0,0.0,6_2020012215,1.1942142746971969e-23,6.10132954013373e-31,1.150325915002601e-20,2.4520133675798513e-26,1.1501720562925882e-20,1.9281965587808085e-25,15:45
22/01/2020,16:00,takto 16,-,0.0,0.0,0.0,0.0,6_2020012216,3.814861644698964e-26,0.0,5.21843360649898e-23,1.0274305834765585e-29,5.218031209437034e-23,3.3235560535867477e-28,16:00
22/01/2020,16:00,takto 16,OUT,1.0,0.0,0.0,1.0,6_2020012216,5.0236682628452476e-26,0.0,3.932091477784089e-23,7.635322648784039e-30,3.9316471705441383e-23,3.4179746917814393e-28,16:15
22/01/2020,16:00,takto 16,VA,6.168404635917907e-26,0.0,6.168404635917907e-26,0.0,6_2020012216,8.759981472750509e-26,0.0,2.8407970136077837e-22,1.876137995363071e-29,2.840739748262895e-22,5.071951354550285e-28,16:30
22/01/2020,16:00,takto 16,VNA,1.0423002361925164e-24,1.0423002361925164e-24,0.0,0.0,6_2020012216,7.075107163376908e-26,1.2960607570813932e-33,8.728613151852484e-23,9.539679968888088e-29,8.727913227744124e-23,8.276833727142662e-28,16:45
